date,series,action,signal,actionable_signal,score,n_long,n_short,close,equity,days_in_prev_state,cumulative_return
2011-08-26,COMPOSITE,建仓,1,1,1.0,5.0,0.0,104.733,0.9998000399920016,45,-0.00019996000799837876
2012-01-10,COMPOSITE,平仓,-1,-1,-0.2,2.0,3.0,109.4652,1.0447654767405203,92,0.04476547674052034
2012-03-08,COMPOSITE,建仓,1,1,1.0,5.0,0.0,108.4512,1.044556565427435,39,0.04455656542743491
2012-07-13,COMPOSITE,平仓,-1,-1,-1.0,0.0,5.0,110.9283,1.0682012728295562,88,0.06820127282955624
2012-08-09,COMPOSITE,建仓,1,1,0.6,4.0,1.0,110.2144,1.0679876752944975,19,0.06798767529449745
2012-08-14,COMPOSITE,平仓,-1,-1,-0.2,2.0,3.0,110.2968,1.0685723816472008,3,0.06857238164720081
2012-11-01,COMPOSITE,建仓,1,1,0.2,3.0,2.0,108.2303,1.0683587099052199,53,0.06835870990521986
2013-01-15,COMPOSITE,平仓,-1,-1,-0.2,2.0,3.0,108.2033,1.0678785701221227,52,0.06787857012212273
2013-01-28,COMPOSITE,建仓,1,1,1.0,5.0,0.0,108.2808,1.0676650371146998,9,0.06766503711469984
2013-03-01,COMPOSITE,平仓,-1,-1,-1.0,0.0,5.0,108.3516,1.0681494631774981,21,0.06814946317749815
2013-03-28,COMPOSITE,建仓,1,1,1.0,5.0,0.0,108.352,1.067935876002298,19,0.06793587600229789
2013-04-26,COMPOSITE,平仓,-1,-1,-0.2,2.0,3.0,109.2822,1.0768886657566137,20,0.07688866575661368
2013-08-28,COMPOSITE,建仓,1,1,1.0,5.0,0.0,104.8072,1.0766733310903955,86,0.07667333109039554
2013-11-19,COMPOSITE,平仓,-1,-1,-0.6,1.0,4.0,100.5045,1.0322656525659855,55,0.03226565256598546
2014-02-27,COMPOSITE,建仓,1,1,1.0,5.0,0.0,102.4966,1.032059240717842,68,0.03205924071784194
2014-07-16,COMPOSITE,平仓,-1,-1,-0.6,1.0,4.0,103.8543,1.0455210538230761,96,0.04552105382307614
2014-09-10,COMPOSITE,建仓,1,1,0.2,3.0,2.0,103.6232,1.0453119914247913,39,0.045311991424791254
2014-12-19,COMPOSITE,平仓,-1,-1,-0.6,1.0,4.0,107.5928,1.0851387567857689,69,0.08513875678576888
2015-04-14,COMPOSITE,建仓,1,1,0.2,3.0,2.0,108.0638,1.0849217724312827,77,0.08492177243128274
2016-01-19,COMPOSITE,平仓,-1,-1,-0.2,2.0,3.0,113.9871,1.1441607008914048,192,0.14416070089140476
2016-03-10,COMPOSITE,建仓,1,1,0.2,3.0,2.0,113.4926,1.1439319145085032,34,0.14393191450850318
2016-03-23,COMPOSITE,平仓,-1,-1,-0.2,2.0,3.0,113.7975,1.1467757080450456,9,0.14677570804504558
2016-05-26,COMPOSITE,建仓,1,1,0.2,3.0,2.0,112.954,1.1465463987652924,44,0.1465463987652924
2016-07-18,COMPOSITE,平仓,-1,-1,-0.2,2.0,3.0,113.7926,1.1548276469801175,36,0.15482764698011753
2017-11-07,COMPOSITE,建仓,1,1,0.6,4.0,1.0,105.1829,1.1545967276345908,327,0.15459672763459076
2017-12-05,COMPOSITE,平仓,-1,-1,-0.2,2.0,3.0,105.2542,1.1551483145912385,20,0.15514831459123846
2017-12-22,COMPOSITE,建仓,1,1,0.6,4.0,1.0,105.1686,1.1549173311250136,13,0.1549173311250136
2018-01-19,COMPOSITE,平仓,-1,-1,-0.2,2.0,3.0,104.5829,1.1482557229873205,21,0.14825572298732048
2018-01-25,COMPOSITE,建仓,1,1,0.2,3.0,2.0,104.5461,1.1480261177637678,4,0.14802611776376784
2018-04-24,COMPOSITE,平仓,-1,-1,-0.6,1.0,4.0,107.5798,1.1811030661093416,59,0.18110306610934157
2018-05-25,COMPOSITE,建仓,1,1,1.0,5.0,0.0,107.3799,1.1808668927307955,22,0.18086689273079548
2018-12-24,COMPOSITE,平仓,-1,-1,-0.2,2.0,3.0,109.8056,1.207301036012376,146,0.20730103601237593
2019-01-14,COMPOSITE,建仓,1,1,0.2,3.0,2.0,111.1251,1.2070596240875584,16,0.2070596240875584
2019-03-28,COMPOSITE,平仓,-1,-1,-0.2,2.0,3.0,111.3486,1.2092454214108619,50,0.2092454214108619
2019-05-17,COMPOSITE,建仓,1,1,0.2,3.0,2.0,109.9764,1.2090036206867247,34,0.20900362068672473
2019-06-10,COMPOSITE,平仓,-1,-1,-1.0,0.0,5.0,110.4322,1.2137715642126168,15,0.21377156421261678
2019-06-21,COMPOSITE,建仓,1,1,0.2,3.0,2.0,110.376,1.2135288584409285,9,0.2135288584409285
2019-08-01,COMPOSITE,平仓,-1,-1,-0.6,1.0,4.0,111.1327,1.2216040264074153,29,0.22160402640741528
2019-11-27,COMPOSITE,建仓,1,1,0.2,3.0,2.0,110.9946,1.221359754456524,80,0.221359754456524
2020-06-22,COMPOSITE,平仓,-1,-1,-0.2,2.0,3.0,112.8967,1.2420415794443482,140,0.24204157944434823
2020-12-11,COMPOSITE,建仓,-1,1,-0.2,2.0,3.0,109.9407,1.2417932208001883,119,0.24179322080018828
2020-12-14,COMPOSITE,平仓,1,-1,0.2,3.0,2.0,109.9504,1.2416544028917422,1,0.24165440289174223
2020-12-15,COMPOSITE,建仓,1,1,0.2,3.0,2.0,110.0484,1.2414061216674088,1,0.24140612166740882
2021-01-29,COMPOSITE,平仓,-1,-1,-0.6,1.0,4.0,110.5598,1.2469255582799779,32,0.24692555827997786
2021-03-12,COMPOSITE,建仓,1,1,0.6,4.0,1.0,110.188,1.2466762230353707,27,0.24667622303537073
2021-06-08,COMPOSITE,平仓,-1,-1,-0.2,2.0,3.0,111.1686,1.2575192590668336,60,0.2575192590668336
2021-07-07,COMPOSITE,建仓,1,1,0.2,3.0,2.0,111.5817,1.2572678055057325,20,0.25726780550573247
2021-08-02,COMPOSITE,平仓,-1,-1,-0.2,2.0,3.0,113.5228,1.278883687186519,18,0.278883687186519
2021-10-09,COMPOSITE,建仓,1,1,0.6,4.0,1.0,112.7104,1.2786279615942002,45,0.2786279615942002
2022-01-20,COMPOSITE,平仓,-1,-1,-0.2,2.0,3.0,114.3397,1.2968519138676138,73,0.2968519138676138
2022-01-28,COMPOSITE,建仓,1,1,0.2,3.0,2.0,114.4623,1.296592595348544,6,0.296592595348544
2022-10-27,COMPOSITE,平仓,-1,-1,-0.2,2.0,3.0,114.6981,1.299003810155088,184,0.29900381015508803
2022-12-30,COMPOSITE,建仓,1,1,0.2,3.0,2.0,113.7032,1.2987440613428196,46,0.2987440613428196
2023-01-03,COMPOSITE,平仓,-1,-1,-0.2,2.0,3.0,113.76,1.2991329654176442,2,0.2991329654176442
2023-04-28,COMPOSITE,建仓,1,1,0.2,3.0,2.0,114.271,1.2988731907794884,80,0.2988731907794884
2023-05-11,COMPOSITE,平仓,-1,-1,-0.2,2.0,3.0,114.8061,1.3046944694179925,7,0.3046944694179925
2023-05-18,COMPOSITE,建仓,1,1,0.6,4.0,1.0,114.5774,1.3044335827014522,5,0.30443358270145215
2023-09-01,COMPOSITE,平仓,-1,-1,-0.2,2.0,3.0,115.6797,1.316719581869774,75,0.3167195818697739
2023-12-27,COMPOSITE,建仓,1,1,0.6,4.0,1.0,115.9093,1.3164562906116517,79,0.3164562906116517
2025-01-17,COMPOSITE,平仓,-1,-1,-0.2,2.0,3.0,124.0781,1.4089527466138365,266,0.4089527466138365
2025-04-27,COMPOSITE,建仓,1,1,0.6,4.0,1.0,123.3952,1.4086710124113544,66,0.4086710124113544
