year,n_days,strategy_return,benchmark_return,excess_return,beat_benchmark,strategy_sharpe,benchmark_sharpe,strategy_max_drawdown,benchmark_max_drawdown,strategy_win_rate,benchmark_win_rate,relative_win_rate,trade_win_rate,n_round_trips,time_in_market
2011,131,0.04347763065568322,0.03517133941635353,0.008306291239329688,True,3.0829091121711385,2.1724582542805138,-0.009582900048941911,-0.01859883480598501,0.366412213740458,0.5190839694656488,0.3511450381679389,,0.0,0.6717557251908397
2012,249,0.025049569234073976,-0.008697410263071359,0.033746979497145335,True,2.119958022395065,-0.5420647234018677,-0.0069351145245776236,-0.024764222147121373,0.2971887550200803,0.4457831325301205,0.4578313253012048,1.0,3.0,0.5542168674698795
2013,250,-0.03491966548131653,-0.07111908060064032,0.036199415119323786,True,-2.3766344130020283,-2.704065757570397,-0.04272540082388121,-0.08560586276984095,0.164,0.412,0.436,0.5,4.0,0.42
2014,250,0.05122044319536645,0.0747530585764351,-0.023532615381068656,False,1.7237570282227324,2.2772103828427044,-0.021240929486037174,-0.02124092948603684,0.356,0.496,0.392,1.0,2.0,0.66
2015,249,0.05495641907932125,0.054078838626897774,0.0008775804524234765,True,2.1119532405288055,1.7644976913430772,-0.01864444555630862,-0.028448510237796043,0.39759036144578314,0.5502008032128514,0.3534136546184739,,0.0,0.7269076305220884
2016,251,0.008782125611516145,-0.015218539027269662,0.024000664638785807,True,0.9375340734526125,-0.6493414443136636,-0.006776699103264838,-0.04669357331656809,0.12749003984063745,0.4820717131474104,0.4860557768924303,1.0,3.0,0.22310756972111553
2017,251,-0.00021047098371218542,-0.06369038766551993,0.06347991668180775,True,-0.0276875675593282,-2.7549217576733303,-0.008266638784860336,-0.0664120101934168,0.055776892430278883,0.4541832669322709,0.5099601593625498,1.0,1.0,0.11155378486055777
2018,252,0.04565836685599578,0.051587290264347274,-0.005928923408351494,False,2.1953525622449646,2.3344971625880078,-0.016541678552039474,-0.016541678552039807,0.4801587301587302,0.5634920634920635,0.2777777777777778,0.6666666666666666,3.0,0.8650793650793651
2019,250,0.01768119042724625,0.009902127401704597,0.007779063025541655,True,1.6807548562718784,0.518561027025992,-0.009867663852750619,-0.024726035065720353,0.256,0.504,0.428,1.0,3.0,0.476
2020,249,0.017444633730346215,-0.007518568041921969,0.024963201772268184,True,0.6882457899254726,-0.22789641841570316,-0.03395538470997206,-0.06013351770840303,0.26104417670682734,0.4779116465863454,0.42570281124497994,0.5,2.0,0.5180722891566265
2021,250,0.03174503680788887,0.025940872101310797,0.005804164706578074,True,2.0344018628567047,1.4092481327962905,-0.008695258563414354,-0.016021512287767825,0.372,0.548,0.356,1.0,3.0,0.632
2022,250,0.006944283407034346,8.004074161549468e-05,0.0068642426654188515,True,0.47582175232294954,0.013483579494182859,-0.011275228717089192,-0.01739946048050045,0.44,0.54,0.336,1.0,2.0,0.792
2023,250,0.01465887749827588,0.020428984038865394,-0.005770106540589515,False,1.7891120313358035,1.7958774136498539,-0.005337351066777463,-0.01195990178623707,0.224,0.588,0.384,1.0,3.0,0.344
2024,251,0.06684220506102112,0.06684220506102267,-1.5543122344752192e-15,False,2.8720803227833387,2.8720803227833724,-0.01645917959687071,-0.016459179596870488,0.6772908366533864,0.6772908366533864,0.28286852589641437,,0.0,1.0
2025,248,-0.008220997562721877,-0.01328493536480202,0.005063937802080143,True,-0.667598283479817,-0.6905708289063426,-0.015611803167133953,-0.025212270533807035,0.3629032258064516,0.4879032258064516,0.3629032258064516,1.0,1.0,0.7338709677419355
2026,176,0.0183420136259147,0.01834201362591603,-1.3322676295501878e-15,False,3.330533027497211,3.330533027497417,-0.00365471887028046,-0.003654718870280238,0.6420454545454546,0.6420454545454546,0.25,,0.0,1.0
全区间,3807,0.41985748259058986,0.17785585423482475,0.2420016283557651,True,1.3055992354363644,0.47793899590742867,-0.05072220644192493,-0.09750771657091506,0.33596007354872603,0.5221959548200683,0.3840294194904124,0.8666666666666667,30.0,0.5983714210664566
