target,tol,series,series_name,tol_description,strategy_n_obs,strategy_start,strategy_end,strategy_years,strategy_start_value,strategy_end_value,strategy_total_return,strategy_cagr,strategy_ann_vol,strategy_sharpe,strategy_sortino,strategy_max_drawdown,strategy_max_drawdown_peak,strategy_max_drawdown_trough,strategy_max_drawdown_days,strategy_calmar,strategy_daily_win_rate,strategy_best_day,strategy_worst_day,strategy_var95_daily,strategy_cvar95_daily,benchmark_n_obs,benchmark_start,benchmark_end,benchmark_years,benchmark_start_value,benchmark_end_value,benchmark_total_return,benchmark_cagr,benchmark_ann_vol,benchmark_sharpe,benchmark_sortino,benchmark_max_drawdown,benchmark_max_drawdown_peak,benchmark_max_drawdown_trough,benchmark_max_drawdown_days,benchmark_calmar,benchmark_daily_win_rate,benchmark_best_day,benchmark_worst_day,benchmark_var95_daily,benchmark_cvar95_daily,gross_cagr,gross_total_return,gross_max_drawdown,gross_sharpe,cost_drag_cagr,n_trades,n_buys,n_sells,n_shorts,n_covers,n_opens,n_round_trips,n_completed,trade_win_rate,avg_win,avg_loss,best_trade,worst_trade,profit_factor,avg_holding_days,total_cost,time_in_market,excess_cagr,drawdown_reduction,overlap_days,overlap_share,raw_signal_flips,signal_flips
indicator,0.0,DR001,银存间质押1日,绝对 0 bp（0 个百分点）,3808,2011-06-27,2026-09-16,15.11111111111111,1.0,1.2454398414030632,0.24543984140306319,0.01463099133838619,0.01685959849610306,0.8701968626681521,0.8964173583084192,-0.047650944102472614,2013-04-16,2014-01-20,639,0.30704515123399173,0.27344365642237983,0.013028751958340523,-0.008881045625828254,-0.0012926180465292591,-0.002453188850312512,3808,2011-06-27,2026-09-16,15.11111111111111,0.9998000399920016,1.1776203301687986,0.1778558542348323,0.010891691804229442,0.02323664724675347,0.47793899590742867,0.6424065699560343,-0.09750771657091362,2012-07-12,2013-11-21,939,0.11170081904551968,0.5221959548200683,0.013028751958340523,-0.009127070250974367,-0.002334873760881351,-0.0034981636872480053,0.015920988910667955,0.2695833224144326,-0.046507439254460436,0.945759032393861,0.0012899975722817647,96,48,48,0,0,48,48,48,0.625,0.01178574542324818,-0.007159347990988805,0.04648062007731579,-0.0356495030058297,2.743672896396535,40.166666666666664,0.021537123644901335,0.5063025210084033,0.003739299534156748,0.049856772468441,0,0.0,96,96
indicator,0.0,R001,银行间质押1日,绝对 0 bp（0 个百分点）,3808,2011-06-27,2026-09-16,15.11111111111111,1.0,1.272718446491092,0.2727184464910919,0.016086816514656155,0.016870310383623303,0.9546716808349656,1.0376081144848535,-0.047650944102472614,2013-04-16,2014-01-20,558,0.33759701549798693,0.29314420803782504,0.013028751958340523,-0.008881045625828254,-0.001298723210789643,-0.0024409198859047837,3808,2011-06-27,2026-09-16,15.11111111111111,0.9998000399920016,1.1776203301687986,0.1778558542348323,0.010891691804229442,0.02323664724675347,0.47793899590742867,0.6424065699560343,-0.09750771657091362,2012-07-12,2013-11-21,939,0.11170081904551968,0.5221959548200683,0.013028751958340523,-0.009127070250974367,-0.002334873760881351,-0.0034981636872480053,0.01813300166894294,0.31200319049453906,-0.046507439254460436,1.0746531432180086,0.0020461851542867837,152,76,76,0,0,76,76,76,0.5526315789473685,0.009308588893121663,-0.004252816642751397,0.04648062007731579,-0.0356495030058297,2.703818685168768,27.11842105263158,0.03464674588723779,0.5412289915966386,0.005195124710426713,0.049856772468441,0,0.0,152,152
indicator,0.0,DR007,银存间质押7日,绝对 0 bp（0 个百分点）,3808,2011-06-27,2026-09-16,15.11111111111111,1.0,1.3186679005542663,0.3186679005542663,0.018474451233577938,0.017257827188239483,1.0696644370392718,1.145161128695787,-0.049203558180857976,2013-04-16,2014-03-06,423,0.3754698220334234,0.3062779091147885,0.013028751958340523,-0.008881045625828143,-0.001298723210789643,-0.00248881306382225,3808,2011-06-27,2026-09-16,15.11111111111111,0.9998000399920016,1.1776203301687986,0.1778558542348323,0.010891691804229442,0.02323664724675347,0.47793899590742867,0.6424065699560343,-0.09750771657091362,2012-07-12,2013-11-21,939,0.11170081904551968,0.5221959548200683,0.013028751958340523,-0.009127070250974367,-0.002334873760881351,-0.0034981636872480053,0.020066311438564632,0.35015859201201205,-0.04844261668124039,1.1607500284949304,0.0015918602049866948,118,59,59,0,0,59,59,59,0.6101694915254238,0.010564949506942823,-0.004259706610956253,0.050158879023527,-0.04423295286867912,3.882061422724832,35.932203389830505,0.027488870357805204,0.5567226890756303,0.007582759429348496,0.04830415839005564,0,0.0,118,118
indicator,0.0,R007,银行间质押7日,绝对 0 bp（0 个百分点）,3808,2011-06-27,2026-09-16,15.11111111111111,1.0,1.2851219857072722,0.2851219857072722,0.01673916456547775,0.0178108363189674,0.9412213702940286,1.0483097965052306,-0.049203558180857976,2013-04-16,2014-03-06,1038,0.34020231837602977,0.3128447596532703,0.013028751958340523,-0.008881045625828143,-0.0014186887313141993,-0.002608427985869175,3808,2011-06-27,2026-09-16,15.11111111111111,0.9998000399920016,1.1776203301687986,0.1778558542348323,0.010891691804229442,0.02323664724675347,0.47793899590742867,0.6424065699560343,-0.09750771657091362,2012-07-12,2013-11-21,939,0.11170081904551968,0.5221959548200683,0.013028751958340523,-0.009127070250974367,-0.002334873760881351,-0.0034981636872480053,0.018921511748265063,0.32744181781439496,-0.04844261668124039,1.0619177919198124,0.002182347182787314,162,81,81,0,0,81,81,81,0.5061728395061729,0.009341062147313653,-0.0031558663946286924,0.050158879023527,-0.04423295286867912,3.033901789154482,27.246913580246915,0.03778129284487279,0.5795693277310925,0.005847472761248307,0.04830415839005564,0,0.0,162,162
indicator,0.0,M0017139,SHIBOR:1周,绝对 0 bp（0 个百分点）,3808,2011-06-27,2026-09-16,15.11111111111111,1.0,1.303213082165519,0.303213082165519,0.017680177323223578,0.017811960416171477,0.9931172348913518,1.0622359822901353,-0.04929464122902705,2013-08-02,2013-11-25,608,0.3586632721613692,0.30864197530864196,0.013028751958340523,-0.008881045625828365,-0.0014186887313139772,-0.0026223512084737562,3808,2011-06-27,2026-09-16,15.11111111111111,0.9998000399920016,1.1776203301687986,0.1778558542348323,0.010891691804229442,0.02323664724675347,0.47793899590742867,0.6424065699560343,-0.09750771657091362,2012-07-12,2013-11-21,939,0.11170081904551968,0.5221959548200683,0.013028751958340523,-0.009127070250974367,-0.002334873760881351,-0.0034981636872480053,0.018758291720486264,0.324232196267376,-0.048533772625003246,1.0530058685036516,0.001078114397262686,80,40,40,0,0,40,40,40,0.725,0.012389838790017763,-0.008064934302077886,0.0516195605133023,-0.04767260921190142,4.050140921544114,53.45,0.018232029223191303,0.5614495798319328,0.006788485518994136,0.04821307534188657,0,0.0,80,80
indicator,0.5,DR001,银存间质押1日,绝对 0.5 bp（0.005 个百分点）,3808,2011-06-27,2026-09-16,15.11111111111111,1.0,1.2485838972033487,0.24858389720334872,0.014800295582033218,0.01687275969500043,0.879422973319039,0.9094200386520904,-0.046310626902082874,2013-04-16,2014-01-20,512,0.31958745912307135,0.27449435250853693,0.013028751958340745,-0.008881045625828254,-0.0012969957859694347,-0.0024500454728289735,3808,2011-06-27,2026-09-16,15.11111111111111,0.9998000399920016,1.1776203301687986,0.1778558542348323,0.010891691804229442,0.02323664724675347,0.47793899590742867,0.6424065699560343,-0.09750771657091362,2012-07-12,2013-11-21,939,0.11170081904551968,0.5221959548200683,0.013028751958340523,-0.009127070250974367,-0.002334873760881351,-0.0034981636872480053,0.015848468615025313,0.26821452706683235,-0.045165512707994404,0.9409960248714698,0.0010481730329920946,78,39,39,0,0,39,39,39,0.717948717948718,0.012014038876077644,-0.009961916359844024,0.04085085995684934,-0.03564950300582992,3.0698099403494967,49.64102564102564,0.017458234894401913,0.5084033613445378,0.003908603777803776,0.05119708966883074,87,0.022846638655462184,143,78
indicator,0.5,R001,银行间质押1日,绝对 0.5 bp（0.005 个百分点）,3808,2011-06-27,2026-09-16,15.11111111111111,1.0,1.2934355821633923,0.2934355821633923,0.01717312429298823,0.016913999563641896,1.0154446091572893,1.1050758517343118,-0.04665527166675143,2016-08-29,2018-02-05,567,0.36808539913028826,0.29524560021013924,0.013028751958340745,-0.008881045625828254,-0.0012926180465292591,-0.0024353159953045284,3808,2011-06-27,2026-09-16,15.11111111111111,0.9998000399920016,1.1776203301687986,0.1778558542348323,0.010891691804229442,0.02323664724675347,0.47793899590742867,0.6424065699560343,-0.09750771657091362,2012-07-12,2013-11-21,939,0.11170081904551968,0.5221959548200683,0.013028751958340523,-0.009127070250974367,-0.002334873760881351,-0.0034981636872480053,0.018762950543595336,0.32432370859860504,-0.045165512707994404,1.1080486737607549,0.001589826250607107,118,59,59,0,0,59,59,59,0.5932203389830508,0.010970857209481513,-0.005063789213291463,0.04085085995684934,-0.03564950300582992,3.1595246346021875,35.05084745762712,0.026814691370522874,0.5430672268907563,0.006281432488758787,0.050852444904162186,102,0.026785714285714284,216,118
indicator,0.5,DR007,银存间质押7日,绝对 0.5 bp（0.005 个百分点）,3808,2011-06-27,2026-09-16,15.11111111111111,1.0,1.301000207011908,0.301000207011908,0.01756573123389149,0.017290956482133992,1.016006787237863,1.0737778391892654,-0.05349109664953733,2013-04-16,2014-03-06,449,0.32838607420929417,0.3039138429209351,0.013028751958340523,-0.008881045625828143,-0.0013236441268447807,-0.00252552214410408,3808,2011-06-27,2026-09-16,15.11111111111111,0.9998000399920016,1.1776203301687986,0.1778558542348323,0.010891691804229442,0.02323664724675347,0.47793899590742867,0.6424065699560343,-0.09750771657091362,2012-07-12,2013-11-21,939,0.11170081904551968,0.5221959548200683,0.013028751958340523,-0.009127070250974367,-0.002334873760881351,-0.0034981636872480053,0.018832490569479887,0.3256903715764652,-0.05273358655311866,1.0887931477772854,0.0012667593355883966,94,47,47,0,0,47,47,47,0.5957446808510638,0.013171767187196846,-0.005264416901622627,0.050158879023527,-0.04423295286867912,3.687212789419782,44.97872340425532,0.021462377879802284,0.5551470588235294,0.006674039429662049,0.04401661992137629,94,0.02468487394957983,163,94
indicator,0.5,R007,银行间质押7日,绝对 0.5 bp（0.005 个百分点）,3808,2011-06-27,2026-09-16,15.11111111111111,1.0,1.2808256515152412,0.2808256515152412,0.0165138726014733,0.0178145183059144,0.9285869373918688,1.0246784917502239,-0.05349109664953733,2013-04-16,2014-03-06,1038,0.3087218927229853,0.3138954557394274,0.013028751958340523,-0.008881045625828143,-0.0014232679467592324,-0.002625573941494128,3808,2011-06-27,2026-09-16,15.11111111111111,0.9998000399920016,1.1776203301687986,0.1778558542348323,0.010891691804229442,0.02323664724675347,0.47793899590742867,0.6424065699560343,-0.09750771657091362,2012-07-12,2013-11-21,939,0.11170081904551968,0.5221959548200683,0.013028751958340523,-0.009127070250974367,-0.002334873760881351,-0.0034981636872480053,0.018223948323151662,0.3137752864604566,-0.05273358655311866,1.0230861938812748,0.0017100757216783613,127,64,63,0,0,64,64,63,0.5238095238095238,0.011085088504274398,-0.0038718082254064847,0.050158879023527,-0.04423295286867912,3.1493288522629976,34.55555555555556,0.029318449023409115,0.5821953781512605,0.005622180797243859,0.04401661992137629,111,0.029149159663865547,204,127
indicator,0.5,M0017139,SHIBOR:1周,绝对 0.5 bp（0.005 个百分点）,3808,2011-06-27,2026-09-16,15.11111111111111,1.0,1.319321229809626,0.31932122980962596,0.018507836124885158,0.017890579793051573,1.0342866711743213,1.1136765664698132,-0.04929464122902716,2013-08-02,2013-11-26,566,0.3754533081779854,0.3131074336748096,0.013028751958340745,-0.008881045625828143,-0.001422933016857908,-0.0026284880618687176,3808,2011-06-27,2026-09-16,15.11111111111111,0.9998000399920016,1.1776203301687986,0.1778558542348323,0.010891691804229442,0.02323664724675347,0.47793899590742867,0.6424065699560343,-0.09750771657091362,2012-07-12,2013-11-21,939,0.11170081904551968,0.5221959548200683,0.013028751958340523,-0.009127070250974367,-0.002334873760881351,-0.0034981636872480053,0.019505863355363973,0.33899239180891305,-0.04853377262500358,1.0893301575479426,0.0009980272304788151,74,37,37,0,0,37,37,37,0.7297297297297297,0.013476834741768294,-0.008086392435863565,0.0516195605133023,-0.04767260921190153,4.49983773250902,58.486486486486484,0.016924907861565072,0.5682773109243697,0.0076161443206557156,0.04821307534188646,169,0.04438025210084034,149,74
indicator,1.0,DR001,银存间质押1日,绝对 1 bp（0.01 个百分点）,3808,2011-06-27,2026-09-16,15.11111111111111,1.0,1.253529124672676,0.2535291246726761,0.015065787252992013,0.016822346889432273,0.8975627270067077,0.9293798914762611,-0.04352073115263255,2013-04-16,2014-01-20,522,0.34617495740488474,0.2721302863146835,0.013028751958340523,-0.008881045625828254,-0.001283217992971508,-0.002426644162967246,3808,2011-06-27,2026-09-16,15.11111111111111,0.9998000399920016,1.1776203301687986,0.1778558542348323,0.010891691804229442,0.02323664724675347,0.47793899590742867,0.6424065699560343,-0.09750771657091362,2012-07-12,2013-11-21,939,0.11170081904551968,0.5221959548200683,0.013028751958340523,-0.009127070250974367,-0.002334873760881351,-0.0034981636872480053,0.016087337722746176,0.2727283117989179,-0.04286619039034312,0.9579258925910927,0.0010215504697541622,76,38,38,0,0,38,38,38,0.6842105263157895,0.012915313552165531,-0.00875607085966428,0.04293263914755352,-0.03282841950795534,3.195860313549157,50.6578947368421,0.017113287081930103,0.5055147058823529,0.0041740954487625714,0.053986985418281064,172,0.045168067226890755,187,76
indicator,1.0,R001,银行间质押1日,绝对 1 bp（0.01 个百分点）,3808,2011-06-27,2026-09-16,15.11111111111111,1.0,1.3007991124816969,0.3007991124816969,0.017555321962991588,0.016945133890789686,1.0357874349401426,1.1189053394530464,-0.045763481090977165,2016-08-29,2018-02-05,555,0.3836098466393291,0.29524560021013924,0.013028751958340523,-0.008881045625828254,-0.0012882586246061533,-0.002440399971329967,3808,2011-06-27,2026-09-16,15.11111111111111,0.9998000399920016,1.1776203301687986,0.1778558542348323,0.010891691804229442,0.02323664724675347,0.47793899590742867,0.6424065699560343,-0.09750771657091362,2012-07-12,2013-11-21,939,0.11170081904551968,0.5221959548200683,0.013028751958340523,-0.009127070250974367,-0.002334873760881351,-0.0034981636872480053,0.01884903751692213,0.3260157609521914,-0.043470563013931596,1.1116962311120147,0.0012937155539305412,96,48,48,0,0,48,48,48,0.625,0.012593650101450977,-0.006094809572151311,0.04293263914755352,-0.03282841950795534,3.44381831577765,43.0625,0.021723489256106066,0.5428046218487395,0.006663630158762146,0.05174423547993645,193,0.0506827731092437,234,96
indicator,1.0,DR007,银存间质押7日,绝对 1 bp（0.01 个百分点）,3808,2011-06-27,2026-09-16,15.11111111111111,1.0,1.3063792191542247,0.3063792191542247,0.01784360930012796,0.01735636074572008,1.0279801231377157,1.087851739959494,-0.05349109664953744,2013-04-16,2014-03-06,449,0.3335809212706104,0.3052272130286315,0.013028751958340745,-0.008881045625828254,-0.001323644126844714,-0.0025330821967903504,3808,2011-06-27,2026-09-16,15.11111111111111,0.9998000399920016,1.1776203301687986,0.1778558542348323,0.010891691804229442,0.02323664724675347,0.47793899590742867,0.6424065699560343,-0.09750771657091362,2012-07-12,2013-11-21,939,0.11170081904551968,0.5221959548200683,0.013028751958340523,-0.009127070250974367,-0.002334873760881351,-0.0034981636872480053,0.01894886865397316,0.32798048486095976,-0.05273358655311866,1.0913000506474615,0.0011052593538452005,82,41,41,0,0,41,41,41,0.6097560975609756,0.014806138691064775,-0.006070449050265735,0.050158879023527,-0.04423295286867901,3.8110181822176714,51.73170731707317,0.01868495524552484,0.5569852941176471,0.006951917495898519,0.04401661992137618,193,0.0506827731092437,180,82
indicator,1.0,R007,银行间质押7日,绝对 1 bp（0.01 个百分点）,3808,2011-06-27,2026-09-16,15.11111111111111,1.0,1.2830087467872373,0.2830087467872373,0.01662843819330173,0.017898197237104115,0.9306276201202098,1.021109624939833,-0.05349109664953744,2013-04-16,2014-03-06,993,0.31086366208282856,0.3123194116101918,0.013028751958340745,-0.008881045625828254,-0.0014232679467591546,-0.0026394957057113526,3808,2011-06-27,2026-09-16,15.11111111111111,0.9998000399920016,1.1776203301687986,0.1778558542348323,0.010891691804229442,0.02323664724675347,0.47793899590742867,0.6424065699560343,-0.09750771657091362,2012-07-12,2013-11-21,939,0.11170081904551968,0.5221959548200683,0.013028751958340523,-0.009127070250974367,-0.002334873760881351,-0.0034981636872480053,0.018150031954113466,0.31233485572911746,-0.05273358655311866,1.0141725689340557,0.0015215937608117347,113,57,56,0,0,57,57,56,0.5357142857142857,0.011992346540485829,-0.004172649567417193,0.050158879023527,-0.04423295286867901,3.316195790650806,38.642857142857146,0.026055295877830148,0.5787815126050421,0.005736746389072289,0.04401661992137618,209,0.054884453781512604,218,113
indicator,1.0,M0017139,SHIBOR:1周,绝对 1 bp（0.01 个百分点）,3808,2011-06-27,2026-09-16,15.11111111111111,1.0,1.3250938240205137,0.3250938240205137,0.018802144627679374,0.01780137679471923,1.055616568979456,1.1268599255468548,-0.04891428301387568,2013-08-02,2013-11-21,595,0.3843896602214471,0.3133701076963488,0.013028751958340745,-0.008881045625828254,-0.001418688731314055,-0.002626593501682788,3808,2011-06-27,2026-09-16,15.11111111111111,0.9998000399920016,1.1776203301687986,0.1778558542348323,0.010891691804229442,0.02323664724675347,0.47793899590742867,0.6424065699560343,-0.09750771657091362,2012-07-12,2013-11-21,939,0.11170081904551968,0.5221959548200683,0.013028751958340523,-0.009127070250974367,-0.002334873760881351,-0.0034981636872480053,0.01966549558813102,0.3421640415228575,-0.04853377262500358,1.1033509352817699,0.0008633509604516476,64,32,32,0,0,32,32,32,0.78125,0.014357176914899456,-0.010249873915335304,0.0516195605133023,-0.03586252015288016,5.002562203444358,67.625,0.014679911870004463,0.5682773109243697,0.007910452823449932,0.048593433557037935,347,0.09112394957983193,158,64
indicator,2.0,DR001,银存间质押1日,绝对 2 bp（0.02 个百分点）,3808,2011-06-27,2026-09-16,15.11111111111111,1.0,1.2523465512826624,0.25234655128266237,0.015002388190182625,0.016879886086602507,0.8908592792347608,0.9149878272628699,-0.04659054593924761,2013-04-16,2014-01-20,507,0.32200498808803824,0.26976622012083007,0.013028751958340523,-0.008881045625828143,-0.0012832179929714636,-0.0024475677025599606,3808,2011-06-27,2026-09-16,15.11111111111111,0.9998000399920016,1.1776203301687986,0.1778558542348323,0.010891691804229442,0.02323664724675347,0.47793899590742867,0.6424065699560343,-0.09750771657091362,2012-07-12,2013-11-21,939,0.11170081904551968,0.5221959548200683,0.013028751958340523,-0.009127070250974367,-0.002334873760881351,-0.0034981636872480053,0.01599698046182274,0.2710191166389291,-0.04544576784963028,0.9495047655815326,0.0009945922716401157,74,37,37,0,0,37,37,37,0.7297297297297297,0.012317164938451745,-0.01026940125434007,0.04248528238760496,-0.03723570447464308,3.2383918507191316,51.567567567567565,0.016644999948194305,0.5010504201680672,0.004110696385953183,0.05091717063166601,337,0.08849789915966387,207,74
indicator,2.0,R001,银行间质押1日,绝对 2 bp（0.02 个百分点）,3808,2011-06-27,2026-09-16,15.11111111111111,1.0,1.301036238495153,0.30103623849515304,0.01756759617547421,0.01691006895304075,1.0386141399704436,1.1215194948666558,-0.04659054593924761,2013-04-16,2014-01-20,595,0.37706353985166263,0.2994483845547675,0.013028751958340523,-0.008881045625828143,-0.0012987232107895762,-0.0024497028661576215,3808,2011-06-27,2026-09-16,15.11111111111111,0.9998000399920016,1.1776203301687986,0.1778558542348323,0.010891691804229442,0.02323664724675347,0.47793899590742867,0.6424065699560343,-0.09750771657091362,2012-07-12,2013-11-21,939,0.11170081904551968,0.5221959548200683,0.013028751958340523,-0.009127070250974367,-0.002334873760881351,-0.0034981636872480053,0.01872648696312207,0.3236076195179718,-0.04544576784963028,1.106839630789207,0.0011588907876478594,86,43,43,0,0,43,43,43,0.6511627906976745,0.013526207485282707,-0.00734296453859431,0.04248528238760496,-0.03723570447464308,3.43851866728855,48.604651162790695,0.019231032126970367,0.5488445378151261,0.006675904371244767,0.05091717063166601,349,0.09164915966386554,228,86
indicator,2.0,DR007,银存间质押7日,绝对 2 bp（0.02 个百分点）,3808,2011-06-27,2026-09-16,15.11111111111111,1.0,1.32862321294208,0.3286232129420801,0.01898149687923656,0.017443603856291068,1.0869999996787316,1.1580340293407203,-0.053491096649537107,2013-04-16,2014-03-06,449,0.3548533880993225,0.3075912792224849,0.013028751958340745,-0.008881045625828143,-0.0013236441268447473,-0.002532540982468742,3808,2011-06-27,2026-09-16,15.11111111111111,0.9998000399920016,1.1776203301687986,0.1778558542348323,0.010891691804229442,0.02323664724675347,0.47793899590742867,0.6424065699560343,-0.09750771657091362,2012-07-12,2013-11-21,939,0.11170081904551968,0.5221959548200683,0.013028751958340523,-0.009127070250974367,-0.002334873760881351,-0.0034981636872480053,0.019979988245889757,0.3484330680912826,-0.05273358655311877,1.1436626422648961,0.000998491366653198,74,37,37,0,0,37,37,37,0.6216216216216216,0.016606146810127925,-0.006513675387818226,0.05440991983258847,-0.04423295286867912,4.1883460992505865,57.67567567567568,0.01696028015671182,0.5603991596638656,0.008089805075007117,0.04401661992137651,369,0.09690126050420168,201,74
indicator,2.0,R007,银行间质押7日,绝对 2 bp（0.02 个百分点）,3808,2011-06-27,2026-09-16,15.11111111111111,1.0,1.3091937347822449,0.3091937347822449,0.01798858077977772,0.017998800560666977,0.9998335513378459,1.1026550874495125,-0.053491096649537107,2013-04-16,2014-03-06,827,0.3362911195789325,0.31678486997635935,0.013028751958340745,-0.008881045625828143,-0.001449377950029118,-0.002648592633328976,3808,2011-06-27,2026-09-16,15.11111111111111,0.9998000399920016,1.1776203301687986,0.1778558542348323,0.010891691804229442,0.02323664724675347,0.47793899590742867,0.6424065699560343,-0.09750771657091362,2012-07-12,2013-11-21,939,0.11170081904551968,0.5221959548200683,0.013028751958340523,-0.009127070250974367,-0.002334873760881351,-0.0034981636872480053,0.019269355408935374,0.33430620262684907,-0.05273358655311877,1.0697446868535732,0.001280774629157655,95,48,47,0,0,48,48,47,0.5531914893617021,0.013625462539246125,-0.004379836645177572,0.05161956051330252,-0.04423295286867912,3.851655130850601,45.12765957446808,0.02182572982988396,0.586922268907563,0.007096888975548277,0.04401661992137651,372,0.0976890756302521,256,95
indicator,2.0,M0017139,SHIBOR:1周,绝对 2 bp（0.02 个百分点）,3808,2011-06-27,2026-09-16,15.11111111111111,1.0,1.2994957885827583,0.29949578858275827,0.017487821459439612,0.01787551606985318,0.9790720472630144,1.0527582437193932,-0.046132003925912546,2013-08-02,2013-11-21,595,0.37908219828310186,0.3110060415024954,0.013028751958340523,-0.008881045625828365,-0.0014208451014245172,-0.002640826820594254,3808,2011-06-27,2026-09-16,15.11111111111111,0.9998000399920016,1.1776203301687986,0.1778558542348323,0.010891691804229442,0.02323664724675347,0.47793899590742867,0.6424065699560343,-0.09750771657091362,2012-07-12,2013-11-21,939,0.11170081904551968,0.5221959548200683,0.013028751958340523,-0.009127070250974367,-0.002334873760881351,-0.0034981636872480053,0.018242239045620057,0.3141319511238949,-0.04575038040277857,1.021100227545104,0.0007544175861804447,56,28,28,0,0,28,28,28,0.7142857142857143,0.017037214635028018,-0.009153550560491136,0.05193283825387285,-0.0330420598093053,4.653171062539552,77.78571428571429,0.012814432789947677,0.571953781512605,0.00659612965521017,0.05137571264500107,692,0.18172268907563024,160,56
indicator,5.0,DR001,银存间质押1日,绝对 5 bp（0.05 个百分点）,3808,2011-06-27,2026-09-16,15.11111111111111,1.0,1.2793298658695489,0.2793298658695489,0.01643527067717554,0.01674872327054022,0.9819591243734702,1.0166976962211969,-0.040311895592419655,2015-09-02,2017-11-22,813,0.4077027496634534,0.27580772261623326,0.013028751958340745,-0.008881045625828254,-0.0012458492691848843,-0.002386519991111743,3808,2011-06-27,2026-09-16,15.11111111111111,0.9998000399920016,1.1776203301687986,0.1778558542348323,0.010891691804229442,0.02323664724675347,0.47793899590742867,0.6424065699560343,-0.09750771657091362,2012-07-12,2013-11-21,939,0.11170081904551968,0.5221959548200683,0.013028751958340523,-0.009127070250974367,-0.002334873760881351,-0.0034981636872480053,0.017269687822980995,0.29529231909746345,-0.03964478017358508,1.0308972965270073,0.000834417145805455,62,31,31,0,0,31,31,31,0.7741935483870968,0.012929099471504576,-0.008552619539484305,0.04311336352075945,-0.03679824976436352,5.183013325977013,62.41935483870968,0.0140942788564166,0.508140756302521,0.005543578872946098,0.05719582097849396,860,0.22584033613445378,217,62
indicator,5.0,R001,银行间质押1日,绝对 5 bp（0.05 个百分点）,3808,2011-06-27,2026-09-16,15.11111111111111,1.0,1.3699127378552534,0.36991273785525336,0.02104728282789714,0.017077713255440056,1.2285500417347823,1.3092900708644326,-0.038020471644021114,2013-09-26,2014-01-20,448,0.5535776364101711,0.3083793012871027,0.013028751958340745,-0.008881045625828254,-0.0012684543419839822,-0.0024285664816027864,3808,2011-06-27,2026-09-16,15.11111111111111,0.9998000399920016,1.1776203301687986,0.1778558542348323,0.010891691804229442,0.02323664724675347,0.47793899590742867,0.6424065699560343,-0.09750771657091362,2012-07-12,2013-11-21,939,0.11170081904551968,0.5221959548200683,0.013028751958340523,-0.009127070250974367,-0.002334873760881351,-0.0034981636872480053,0.02185843653759756,0.386450720369792,-0.03763560285892176,1.2757964609623549,0.0008111537097004184,60,30,30,0,0,30,30,30,0.7666666666666667,0.01697507644846081,-0.009998627680789915,0.04311336352075945,-0.03679824976436352,5.578290638320221,70.43333333333334,0.013819630073505932,0.5548844537815126,0.010155591023667698,0.0594872449268925,819,0.21507352941176472,242,60
indicator,5.0,DR007,银存间质押7日,绝对 5 bp（0.05 个百分点）,3808,2011-06-27,2026-09-16,15.11111111111111,1.0,1.3699305856161297,0.3699305856161297,0.021048163141976772,0.01777131186848557,1.18132916802994,1.2882537428353849,-0.05072220644192493,2013-04-16,2014-03-06,573,0.41496939148489426,0.3346467034410297,0.013028751958340745,-0.008881045625828254,-0.0013898244796779922,-0.002579113687795641,3808,2011-06-27,2026-09-16,15.11111111111111,0.9998000399920016,1.1776203301687986,0.1778558542348323,0.010891691804229442,0.02323664724675347,0.47793899590742867,0.6424065699560343,-0.09750771657091362,2012-07-12,2013-11-21,939,0.11170081904551968,0.5221959548200683,0.013028751958340523,-0.009127070250974367,-0.002334873760881351,-0.0034981636872480053,0.02184579167929046,0.38619148983727847,-0.04996248034702966,1.2265078023941585,0.0007976285373136882,59,30,29,0,0,30,30,29,0.7241379310344828,0.018560037675026817,-0.009300130724748307,0.070047689738987,-0.04143697915074296,5.2386466748577805,66.75862068965517,0.01356635610240045,0.5995273109243697,0.01015647133774733,0.04678551012898868,934,0.24527310924369747,226,59
indicator,5.0,R007,银行间质押7日,绝对 5 bp（0.05 个百分点）,3808,2011-06-27,2026-09-16,15.11111111111111,1.0,1.3527983862527018,0.35279838625270177,0.02019817389206402,0.017984610098841055,1.1212070640710454,1.2478776225461659,-0.05072220644192493,2013-04-16,2014-03-06,778,0.39821165735741776,0.3267664827948516,0.013028751958340745,-0.008881045625828254,-0.001415374217899279,-0.0025879291126733477,3808,2011-06-27,2026-09-16,15.11111111111111,0.9998000399920016,1.1776203301687986,0.1778558542348323,0.010891691804229442,0.02323664724675347,0.47793899590742867,0.6424065699560343,-0.09750771657091362,2012-07-12,2013-11-21,939,0.11170081904551968,0.5221959548200683,0.013028751958340523,-0.009127070250974367,-0.002334873760881351,-0.0034981636872480053,0.021157309361168553,0.3721451331612271,-0.04996248034702966,1.1740310714152835,0.0009591354691045328,71,36,35,0,0,36,36,35,0.6857142857142857,0.015488027037786706,-0.0066735756373603634,0.05425147288857879,-0.04143697915074296,5.063561249288633,61.74285714285714,0.01652485470241045,0.5955882352941176,0.009306482087834578,0.04678551012898868,796,0.20903361344537816,226,71
indicator,5.0,M0017139,SHIBOR:1周,绝对 5 bp（0.05 个百分点）,3808,2011-06-27,2026-09-16,15.11111111111111,1.0,1.3075423661015515,0.3075423661015515,0.017903556582341995,0.018642857487158316,0.9614447990670641,1.065994038538102,-0.06686572793233081,2013-08-02,2013-11-21,468,0.26775385740899554,0.3490937746256895,0.013028751958340523,-0.008881045625828254,-0.0015586489428970672,-0.002793799320748814,3808,2011-06-27,2026-09-16,15.11111111111111,0.9998000399920016,1.1776203301687986,0.1778558542348323,0.010891691804229442,0.02323664724675347,0.47793899590742867,0.6424065699560343,-0.09750771657091362,2012-07-12,2013-11-21,939,0.11170081904551968,0.5221959548200683,0.013028751958340523,-0.009127070250974367,-0.002334873760881351,-0.0034981636872480053,0.01840215067302653,0.3172540423771091,-0.06649239955782871,0.9872985416642743,0.0004985940906845343,37,19,18,0,0,19,19,18,0.7777777777777778,0.0245593795845175,-0.018638016500967997,0.06951278566608932,-0.03304205980930519,4.61196225152751,115.61111111111111,0.008236420222415218,0.6373424369747899,0.007011864778112553,0.030641988638582807,1458,0.38287815126050423,135,37
indicator,10.0,DR001,银存间质押1日,绝对 10 bp（0.1 个百分点）,3808,2011-06-27,2026-09-16,15.11111111111111,1.0,1.37218782163406,0.37218782163405995,0.02115941168934854,0.016755943633506187,1.2583741783536884,1.354548547194037,-0.039772037717742625,2013-09-26,2014-01-20,633,0.5320172891194146,0.319411610191752,0.013028751958340745,-0.008881045625828254,-0.0012926180465292925,-0.0024052388742095746,3808,2011-06-27,2026-09-16,15.11111111111111,0.9998000399920016,1.1776203301687986,0.1778558542348323,0.010891691804229442,0.02323664724675347,0.47793899590742867,0.6424065699560343,-0.09750771657091362,2012-07-12,2013-11-21,939,0.11170081904551968,0.5221959548200683,0.013028751958340523,-0.009127070250974367,-0.002334873760881351,-0.0034981636872480053,0.02174073559198808,0.38403949866167264,-0.03938786969922603,1.2928064850023904,0.0005813239026395411,43,22,21,0,0,22,22,21,0.8095238095238095,0.0210788122644963,-0.010842723342619404,0.07269388628664997,-0.03888415776887866,8.262218751997336,87.9047619047619,0.009839686678122475,0.5695903361344538,0.010267719885119098,0.05773567885317099,1519,0.39889705882352944,159,43
indicator,10.0,R001,银行间质押1日,绝对 10 bp（0.1 个百分点）,3808,2011-06-27,2026-09-16,15.11111111111111,1.0,1.3365826662370013,0.3365826662370013,0.019384343286924288,0.016317358804400533,1.1850936185451795,1.2492751677422183,-0.039772037717742625,2013-09-26,2014-01-20,833,0.48738622407261717,0.3004990806409246,0.013028751958340745,-0.008881045625828254,-0.0012458492691849287,-0.0023295699181850164,3808,2011-06-27,2026-09-16,15.11111111111111,0.9998000399920016,1.1776203301687986,0.1778558542348323,0.010891691804229442,0.02323664724675347,0.47793899590742867,0.6424065699560343,-0.09750771657091362,2012-07-12,2013-11-21,939,0.11170081904551968,0.5221959548200683,0.013028751958340523,-0.009127070250974367,-0.002334873760881351,-0.0034981636872480053,0.020018656240616828,0.349205752166462,-0.03938786969922603,1.2237631488629175,0.0006343129536925396,47,24,23,0,0,24,24,23,0.782608695652174,0.01904658735392068,-0.01037656445100985,0.06995398338795167,-0.03888415776887866,6.607939920562187,74.6086956521739,0.010714705974413204,0.5412289915966386,0.008492651482694846,0.05773567885317099,1513,0.39732142857142855,205,47
indicator,10.0,DR007,银存间质押7日,绝对 10 bp（0.1 个百分点）,3808,2011-06-27,2026-09-16,15.11111111111111,1.0,1.299873525399072,0.2998735253990721,0.017507391346708534,0.01736637799269984,1.008366851003129,1.0668215200933138,-0.05170251287480532,2013-09-26,2014-03-06,962,0.33861780353116844,0.31074336748095616,0.013028751958340523,-0.008881045625828143,-0.0014017508938700795,-0.002563472519761154,3808,2011-06-27,2026-09-16,15.11111111111111,0.9998000399920016,1.1776203301687986,0.1778558542348323,0.010891691804229442,0.02323664724675347,0.47793899590742867,0.6424065699560343,-0.09750771657091362,2012-07-12,2013-11-21,939,0.11170081904551968,0.5221959548200683,0.013028751958340523,-0.009127070250974367,-0.002334873760881351,-0.0034981636872480053,0.01803273895510027,0.3100521579954165,-0.05132311800098055,1.038317296205681,0.0005253476083917352,39,20,19,0,0,20,20,19,0.8421052631578947,0.02090680155056135,-0.023408576645218743,0.06533957641603494,-0.04428382877332726,4.763337100454102,94.73684210526316,0.008813878223372061,0.5632878151260504,0.006615699542479092,0.0458052036961083,1651,0.4335609243697479,180,39
indicator,10.0,R007,银行间质押7日,绝对 10 bp（0.1 个百分点）,3808,2011-06-27,2026-09-16,15.11111111111111,1.0,1.3116428876092403,0.3116428876092403,0.018114496346457454,0.017893361251272562,1.0125345722281676,1.117033830104666,-0.05170251287480532,2013-09-26,2014-03-06,779,0.3503600761208778,0.3330706593117941,0.013028751958340523,-0.008881045625828143,-0.0014555679525593888,-0.0026283172959311683,3808,2011-06-27,2026-09-16,15.11111111111111,0.9998000399920016,1.1776203301687986,0.1778558542348323,0.010891691804229442,0.02323664724675347,0.47793899590742867,0.6424065699560343,-0.09750771657091362,2012-07-12,2013-11-21,939,0.11170081904551968,0.5221959548200683,0.013028751958340523,-0.009127070250974367,-0.002334873760881351,-0.0034981636872480053,0.01877498635319519,0.3245601529375244,-0.05132311800098055,1.0491554098838587,0.0006604900067377351,49,25,24,0,0,25,25,24,0.75,0.018326933131351548,-0.011738336340134917,0.061907117717197924,-0.04428382877332726,4.683866418622548,81.04166666666667,0.011097970087493263,0.6079306722689075,0.007222804542228012,0.0458052036961083,1242,0.32615546218487396,196,49
indicator,10.0,M0017139,SHIBOR:1周,绝对 10 bp（0.1 个百分点）,3808,2011-06-27,2026-09-16,15.11111111111111,1.0,1.2697417523945342,0.26974175239453424,0.015929377991708904,0.01852357216175599,0.8626788830797465,0.9288644859467836,-0.0492040360196031,2016-10-24,2018-09-20,995,0.3237412879171654,0.3325453112687155,0.013028751958340523,-0.009127070250974256,-0.001510469817458604,-0.002770449316290382,3808,2011-06-27,2026-09-16,15.11111111111111,0.9998000399920016,1.1776203301687986,0.1778558542348323,0.010891691804229442,0.02323664724675347,0.47793899590742867,0.6424065699560343,-0.09750771657091362,2012-07-12,2013-11-21,939,0.11170081904551968,0.5221959548200683,0.013028751958340523,-0.009127070250974367,-0.002334873760881351,-0.0034981636872480053,0.016292486878100698,0.27661687861992945,-0.04882364155511809,0.8819433699397904,0.00036310888639179417,27,14,13,0,0,14,14,13,0.7692307692307693,0.027012535693643792,-0.011147309805375852,0.0789292734896141,-0.03275632335493439,8.077445340404566,153.84615384615384,0.0059428286573636165,0.614233193277311,0.005037686187479462,0.04830368055131051,2116,0.555672268907563,103,27
