date,CBA04502.CS
2010-12-31,105.6363
2011-01-04,105.7726
2011-01-05,106.1737
2011-01-06,106.0813
2011-01-07,106.1692
2011-01-10,106.1675
2011-01-11,105.959
2011-01-12,105.9706
2011-01-13,105.8634
2011-01-14,105.6665
2011-01-17,105.2768
2011-01-18,104.9786
2011-01-19,104.9298
2011-01-20,104.9059
2011-01-21,104.9445
2011-01-24,104.9469
2011-01-25,104.8176
2011-01-26,104.742
2011-01-27,104.7539
2011-01-28,104.8212
2011-01-30,104.7952
2011-01-31,104.7931
2011-02-01,104.8112
2011-02-09,104.3124
2011-02-10,104.202
2011-02-11,104.2823
2011-02-12,104.2468
2011-02-14,104.6814
2011-02-15,104.7119
2011-02-16,104.6438
2011-02-17,104.6171
2011-02-18,104.5966
2011-02-21,104.3367
2011-02-22,104.5007
2011-02-23,104.8073
2011-02-24,105.1833
2011-02-25,105.0822
2011-02-28,105.0545
2011-03-01,105.0791
2011-03-02,105.2339
2011-03-03,105.1686
2011-03-04,105.1717
2011-03-07,105.1444
2011-03-08,105.2532
2011-03-09,105.4016
2011-03-10,105.3977
2011-03-11,105.2921
2011-03-14,105.4347
2011-03-15,105.6649
2011-03-16,105.6107
2011-03-17,105.7568
2011-03-18,105.7226
2011-03-21,105.6809
2011-03-22,105.5761
2011-03-23,105.5533
2011-03-24,105.5986
2011-03-25,105.556
2011-03-28,105.5201
2011-03-29,105.4827
2011-03-30,105.4369
2011-03-31,105.4076
2011-04-01,105.4281
2011-04-02,105.4327
2011-04-06,105.2725
2011-04-07,105.3152
2011-04-08,105.4317
2011-04-11,105.5316
2011-04-12,105.7595
2011-04-13,105.8229
2011-04-14,105.8237
2011-04-15,105.8346
2011-04-18,105.658
2011-04-19,105.6449
2011-04-20,105.6849
2011-04-21,105.6758
2011-04-22,105.673
2011-04-25,105.6452
2011-04-26,105.6436
2011-04-27,105.7291
2011-04-28,105.7469
2011-04-29,105.777
2011-05-03,105.768
2011-05-04,105.8071
2011-05-05,105.8361
2011-05-06,106.0232
2011-05-09,106.0008
2011-05-10,106.0578
2011-05-11,106.0853
2011-05-12,106.1335
2011-05-13,106.1047
2011-05-16,106.0394
2011-05-17,106.0761
2011-05-18,106.0894
2011-05-19,106.0226
2011-05-20,105.9411
2011-05-23,106.0132
2011-05-24,106.0321
2011-05-25,106.0022
2011-05-26,105.9937
2011-05-27,106.0496
2011-05-30,106.0394
2011-05-31,106.0094
2011-06-01,105.9973
2011-06-02,105.9964
2011-06-03,105.9998
2011-06-07,105.9548
2011-06-08,105.9347
2011-06-09,105.8911
2011-06-10,105.8409
2011-06-13,105.7416
2011-06-14,105.4985
2011-06-15,104.9557
2011-06-16,104.9921
2011-06-17,104.9471
2011-06-20,105.1034
2011-06-21,105.3559
2011-06-22,105.0944
2011-06-23,105.1495
2011-06-24,105.2999
2011-06-27,105.5945
2011-06-28,105.5968
2011-06-29,105.5909
2011-06-30,105.5448
2011-07-01,105.7132
2011-07-04,105.6795
2011-07-05,105.7163
2011-07-06,105.7004
2011-07-07,105.6512
2011-07-08,105.6866
2011-07-11,105.5866
2011-07-12,105.6693
2011-07-13,105.5572
2011-07-14,105.4183
2011-07-15,105.3309
2011-07-18,105.1426
2011-07-19,104.631
2011-07-20,104.1853
2011-07-21,103.9986
2011-07-22,104.103
2011-07-25,104.2223
2011-07-26,104.1476
2011-07-27,104.1531
2011-07-28,104.1672
2011-07-29,104.2384
2011-08-01,104.3294
2011-08-02,104.3015
2011-08-03,103.9399
2011-08-04,104.0661
2011-08-05,104.4316
2011-08-08,104.6147
2011-08-09,104.8589
2011-08-10,104.8822
2011-08-11,105.1638
2011-08-12,105.1353
2011-08-15,105.1675
2011-08-16,104.9792
2011-08-17,105.0516
2011-08-18,104.9531
2011-08-19,105.2071
2011-08-22,105.1521
2011-08-23,105.0618
2011-08-24,105.0057
2011-08-25,104.7961
2011-08-26,104.733
2011-08-29,104.0997
2011-08-30,103.7501
2011-08-31,103.8397
2011-09-01,104.0249
2011-09-02,104.0564
2011-09-05,104.1764
2011-09-06,104.4036
2011-09-07,104.1942
2011-09-08,104.1147
2011-09-09,104.3209
2011-09-13,104.4408
2011-09-14,104.4003
2011-09-15,104.2507
2011-09-16,104.1003
2011-09-19,104.052
2011-09-20,104.0194
2011-09-21,104.081
2011-09-22,104.1703
2011-09-23,104.843
2011-09-26,105.4275
2011-09-27,105.2872
2011-09-28,105.1979
2011-09-29,105.4381
2011-09-30,105.6242
2011-10-08,105.7346
2011-10-09,106.134
2011-10-10,106.2861
2011-10-11,106.4014
2011-10-12,106.3351
2011-10-13,106.1792
2011-10-14,106.3535
2011-10-17,106.2681
2011-10-18,106.6453
2011-10-19,106.7317
2011-10-20,106.809
2011-10-21,106.7296
2011-10-24,106.6562
2011-10-25,106.4277
2011-10-26,106.3704
2011-10-27,106.3002
2011-10-28,106.3278
2011-10-31,106.4068
2011-11-01,106.7054
2011-11-02,106.8541
2011-11-03,106.8609
2011-11-04,106.8951
2011-11-07,106.8795
2011-11-08,107.0378
2011-11-09,107.3572
2011-11-10,108.1068
2011-11-11,107.9959
2011-11-14,107.9684
2011-11-15,107.631
2011-11-16,107.6847
2011-11-17,107.542
2011-11-18,107.5407
2011-11-21,107.39
2011-11-22,107.4432
2011-11-23,107.7631
2011-11-24,107.7613
2011-11-25,107.6921
2011-11-28,107.7006
2011-11-29,107.6317
2011-11-30,107.7142
2011-12-01,108.5935
2011-12-02,108.8
2011-12-05,108.9805
2011-12-06,108.9321
2011-12-07,108.8026
2011-12-08,108.7746
2011-12-09,108.8216
2011-12-12,108.7709
2011-12-13,108.7228
2011-12-14,108.7606
2011-12-15,108.7453
2011-12-16,108.8133
2011-12-19,108.8782
2011-12-20,108.8663
2011-12-21,108.8373
2011-12-22,108.7537
2011-12-23,108.7591
2011-12-26,108.8357
2011-12-27,108.9747
2011-12-28,108.9268
2011-12-29,109.0345
2011-12-30,109.1362
2011-12-31,109.3084
2012-01-04,109.1348
2012-01-05,109.1256
2012-01-06,109.2806
2012-01-09,109.4326
2012-01-10,109.4652
2012-01-11,109.3033
2012-01-12,109.3528
2012-01-13,109.339
2012-01-16,109.2921
2012-01-17,109.3551
2012-01-18,109.3661
2012-01-19,109.5716
2012-01-20,109.5542
2012-01-21,109.5998
2012-01-29,109.6053
2012-01-30,109.5028
2012-01-31,109.4774
2012-02-01,109.2704
2012-02-02,109.1136
2012-02-03,109.0992
2012-02-06,108.9264
2012-02-07,108.8483
2012-02-08,108.6895
2012-02-09,108.4487
2012-02-10,108.4835
2012-02-13,108.5155
2012-02-14,108.6485
2012-02-15,108.4109
2012-02-16,108.3963
2012-02-17,108.3521
2012-02-20,108.534
2012-02-21,108.5861
2012-02-22,108.5545
2012-02-23,108.5232
2012-02-24,108.5144
2012-02-27,108.3862
2012-02-28,108.3564
2012-02-29,108.4337
2012-03-01,108.3808
2012-03-02,108.2615
2012-03-05,108.1956
2012-03-06,108.3282
2012-03-07,108.4119
2012-03-08,108.4512
2012-03-09,108.4477
2012-03-12,108.494
2012-03-13,108.4524
2012-03-14,108.4092
2012-03-15,108.3427
2012-03-16,108.359
2012-03-19,108.2957
2012-03-20,108.308
2012-03-21,108.2681
2012-03-22,108.3229
2012-03-23,108.4526
2012-03-26,108.4714
2012-03-27,108.4663
2012-03-28,108.4941
2012-03-29,108.5653
2012-03-30,108.6493
2012-03-31,108.6806
2012-04-01,108.5625
2012-04-05,108.5506
2012-04-06,108.5501
2012-04-09,108.4836
2012-04-10,108.4853
2012-04-11,108.5016
2012-04-12,108.4722
2012-04-13,108.5403
2012-04-16,108.5301
2012-04-17,108.5638
2012-04-18,108.5275
2012-04-19,108.4621
2012-04-20,108.4874
2012-04-23,108.4757
2012-04-24,108.5421
2012-04-25,108.5257
2012-04-26,108.5362
2012-04-27,108.575
2012-04-28,108.5607
2012-05-02,108.5413
2012-05-03,108.5738
2012-05-04,108.5295
2012-05-07,108.5653
2012-05-08,108.5681
2012-05-09,108.5682
2012-05-10,108.6509
2012-05-11,108.7597
2012-05-14,109.2413
2012-05-15,109.5977
2012-05-16,109.804
2012-05-17,109.6647
2012-05-18,109.822
2012-05-21,109.6376
2012-05-22,109.6603
2012-05-23,109.6687
2012-05-24,109.8654
2012-05-25,110.3082
2012-05-28,110.0299
2012-05-29,109.9178
2012-05-30,109.8465
2012-05-31,109.9393
2012-06-01,109.9919
2012-06-04,109.9884
2012-06-05,109.9044
2012-06-06,109.8682
2012-06-07,109.8224
2012-06-08,110.2519
2012-06-11,110.017
2012-06-12,109.9352
2012-06-13,109.8373
2012-06-14,109.7225
2012-06-15,109.7126
2012-06-18,109.5783
2012-06-19,109.5506
2012-06-20,109.5432
2012-06-21,109.5592
2012-06-25,109.8145
2012-06-26,109.8849
2012-06-27,110.0838
2012-06-28,110.1659
2012-06-29,110.2799
2012-07-02,110.2404
2012-07-03,110.2966
2012-07-04,110.2435
2012-07-05,110.2828
2012-07-06,110.4592
2012-07-09,110.6989
2012-07-10,110.7947
2012-07-11,110.891
2012-07-12,110.9625
2012-07-13,110.9283
2012-07-16,110.8152
2012-07-17,110.6649
2012-07-18,110.5692
2012-07-19,110.5378
2012-07-20,110.6275
2012-07-23,110.6196
2012-07-24,110.6319
2012-07-25,110.6372
2012-07-26,110.5622
2012-07-27,110.6165
2012-07-30,110.5934
2012-07-31,110.5352
2012-08-01,110.5287
2012-08-02,110.5168
2012-08-03,110.4597
2012-08-06,110.4573
2012-08-07,110.3822
2012-08-08,110.2709
2012-08-09,110.2144
2012-08-10,110.2488
2012-08-13,110.3086
2012-08-14,110.2968
2012-08-15,110.2276
2012-08-16,110.1624
2012-08-17,110.143
2012-08-20,109.9942
2012-08-21,109.9042
2012-08-22,109.7089
2012-08-23,109.6877
2012-08-24,109.9001
2012-08-27,109.9827
2012-08-28,109.9607
2012-08-29,109.9149
2012-08-30,109.8575
2012-08-31,109.8932
2012-09-03,109.8814
2012-09-04,109.8887
2012-09-05,109.8266
2012-09-06,109.8156
2012-09-07,109.5718
2012-09-10,109.1842
2012-09-11,109.1485
2012-09-12,108.8968
2012-09-13,108.9059
2012-09-14,108.468
2012-09-17,108.432
2012-09-18,108.5434
2012-09-19,108.5876
2012-09-20,108.7086
2012-09-21,108.794
2012-09-24,108.7751
2012-09-25,108.8695
2012-09-26,108.9363
2012-09-27,109.0865
2012-09-28,109.1416
2012-09-29,109.1308
2012-10-08,108.9597
2012-10-09,108.8751
2012-10-10,108.8085
2012-10-11,108.8527
2012-10-12,108.9213
2012-10-15,108.9506
2012-10-16,108.8005
2012-10-17,108.7348
2012-10-18,108.6259
2012-10-19,108.5774
2012-10-22,108.5958
2012-10-23,108.5195
2012-10-24,108.4863
2012-10-25,108.4396
2012-10-26,108.3829
2012-10-29,108.3729
2012-10-30,108.399
2012-10-31,108.3652
2012-11-01,108.2303
2012-11-02,108.2146
2012-11-05,108.2564
2012-11-06,108.2607
2012-11-07,108.2682
2012-11-08,108.3385
2012-11-09,108.3926
2012-11-12,108.4067
2012-11-13,108.4555
2012-11-14,108.5674
2012-11-15,108.625
2012-11-16,108.7564
2012-11-19,108.8508
2012-11-20,108.8111
2012-11-21,108.7729
2012-11-22,108.6973
2012-11-23,108.682
2012-11-26,108.596
2012-11-27,108.5462
2012-11-28,108.5572
2012-11-29,108.6281
2012-11-30,108.6487
2012-12-03,108.6091
2012-12-04,108.5583
2012-12-05,108.5209
2012-12-06,108.427
2012-12-07,108.4187
2012-12-10,108.3959
2012-12-11,108.4113
2012-12-12,108.4041
2012-12-13,108.4013
2012-12-14,108.3388
2012-12-17,108.3478
2012-12-18,108.3336
2012-12-19,108.284
2012-12-20,108.2215
2012-12-21,108.2173
2012-12-24,108.2217
2012-12-25,108.2501
2012-12-26,108.255
2012-12-27,108.3465
2012-12-28,108.3605
2012-12-31,108.3577
2013-01-04,108.2105
2013-01-05,108.2424
2013-01-06,108.2532
2013-01-07,108.2777
2013-01-08,108.3143
2013-01-09,108.3527
2013-01-10,108.2604
2013-01-11,108.1931
2013-01-14,108.1905
2013-01-15,108.2033
2013-01-16,108.2197
2013-01-17,108.2494
2013-01-18,108.3388
2013-01-21,108.351
2013-01-22,108.3436
2013-01-23,108.3911
2013-01-24,108.3226
2013-01-25,108.3178
2013-01-28,108.2808
2013-01-29,108.2548
2013-01-30,108.2576
2013-01-31,108.2212
2013-02-01,108.3069
2013-02-04,108.3064
2013-02-05,108.3392
2013-02-06,108.3489
2013-02-07,108.3367
2013-02-08,108.354
2013-02-16,108.3448
2013-02-17,108.383
2013-02-18,108.3688
2013-02-19,108.3601
2013-02-20,108.4955
2013-02-21,108.4819
2013-02-22,108.4301
2013-02-25,108.3399
2013-02-26,108.3601
2013-02-27,108.3613
2013-02-28,108.3158
2013-03-01,108.3516
2013-03-04,108.3679
2013-03-05,108.4163
2013-03-06,108.4027
2013-03-07,108.3572
2013-03-08,108.3281
2013-03-11,108.3207
2013-03-12,108.3162
2013-03-13,108.332
2013-03-14,108.2968
2013-03-15,108.2809
2013-03-18,108.2574
2013-03-19,108.2809
2013-03-20,108.3121
2013-03-21,108.2945
2013-03-22,108.2877
2013-03-25,108.2991
2013-03-26,108.2872
2013-03-27,108.2955
2013-03-28,108.352
2013-03-29,108.3441
2013-04-01,108.5116
2013-04-02,108.6808
2013-04-03,108.7475
2013-04-07,108.8917
2013-04-08,108.8295
2013-04-09,108.8607
2013-04-10,108.9055
2013-04-11,108.8851
2013-04-12,108.8794
2013-04-15,109.1249
2013-04-16,109.4074
2013-04-17,109.3298
2013-04-18,109.1786
2013-04-19,109.0869
2013-04-22,108.9102
2013-04-23,109.086
2013-04-24,109.1583
2013-04-25,109.2647
2013-04-26,109.2822
2013-04-27,109.3255
2013-04-28,109.2821
2013-05-02,109.4819
2013-05-03,109.5087
2013-05-06,109.3798
2013-05-07,109.4502
2013-05-08,109.4062
2013-05-09,109.4391
2013-05-10,109.4707
2013-05-13,109.4718
2013-05-14,109.4795
2013-05-15,109.4882
2013-05-16,109.5182
2013-05-17,109.4751
2013-05-20,109.431
2013-05-21,109.4413
2013-05-22,109.4678
2013-05-23,109.4306
2013-05-24,109.4721
2013-05-27,109.473
2013-05-28,109.4728
2013-05-29,109.4256
2013-05-30,109.3751
2013-05-31,109.3818
2013-06-03,109.2826
2013-06-04,109.207
2013-06-05,109.1576
2013-06-06,109.131
2013-06-07,109.0267
2013-06-08,108.9871
2013-06-09,109.3325
2013-06-13,109.1906
2013-06-14,109.0525
2013-06-17,108.9943
2013-06-18,108.8982
2013-06-19,108.3858
2013-06-20,107.4964
2013-06-21,107.8132
2013-06-24,107.821
2013-06-25,107.9272
2013-06-26,108.4844
2013-06-27,108.6327
2013-06-28,108.7202
2013-07-01,108.6813
2013-07-02,108.6687
2013-07-03,108.6355
2013-07-04,108.6514
2013-07-05,108.6644
2013-07-08,108.5628
2013-07-09,108.5401
2013-07-10,108.1366
2013-07-11,107.9925
2013-07-12,107.9078
2013-07-15,107.8574
2013-07-16,107.7409
2013-07-17,107.4122
2013-07-18,107.3763
2013-07-19,107.2847
2013-07-22,107.0228
2013-07-23,106.8939
2013-07-24,106.4836
2013-07-25,107.0499
2013-07-26,107.0606
2013-07-29,106.9813
2013-07-30,107.0221
2013-07-31,107.0891
2013-08-01,107.1864
2013-08-02,107.2225
2013-08-05,107.1494
2013-08-06,107.0827
2013-08-07,106.7294
2013-08-08,106.3437
2013-08-09,106.2759
2013-08-12,106.1181
2013-08-13,105.6142
2013-08-14,105.3504
2013-08-15,105.2368
2013-08-16,105.3126
2013-08-19,104.9649
2013-08-20,104.6135
2013-08-21,104.7551
2013-08-22,104.7599
2013-08-23,105.022
2013-08-26,105.1834
2013-08-27,105.1138
2013-08-28,104.8072
2013-08-29,104.7596
2013-08-30,104.7958
2013-09-02,104.7412
2013-09-03,104.746
2013-09-04,104.6083
2013-09-05,104.6257
2013-09-06,104.6888
2013-09-09,104.5428
2013-09-10,104.3793
2013-09-11,104.1136
2013-09-12,103.9937
2013-09-13,103.9351
2013-09-16,103.9964
2013-09-17,104.283
2013-09-18,104.3422
2013-09-22,104.8279
2013-09-23,104.7535
2013-09-24,104.6646
2013-09-25,104.7238
2013-09-26,104.8927
2013-09-27,104.8271
2013-09-29,104.7923
2013-09-30,104.8306
2013-10-08,104.8188
2013-10-09,104.7505
2013-10-10,104.8055
2013-10-11,104.782
2013-10-12,104.7847
2013-10-14,104.5215
2013-10-15,104.4219
2013-10-16,104.3218
2013-10-17,104.2448
2013-10-18,104.1454
2013-10-21,104.0739
2013-10-22,104.0017
2013-10-23,103.8754
2013-10-24,103.6981
2013-10-25,103.654
2013-10-28,103.6422
2013-10-29,103.5527
2013-10-30,103.4367
2013-10-31,103.6034
2013-11-01,103.7489
2013-11-04,103.673
2013-11-05,103.5404
2013-11-06,103.3896
2013-11-07,102.9348
2013-11-08,102.7239
2013-11-11,102.1093
2013-11-12,102.0941
2013-11-13,101.6665
2013-11-14,101.4071
2013-11-15,100.945
2013-11-18,100.7612
2013-11-19,100.5045
2013-11-20,100.1605
2013-11-21,100.1428
2013-11-22,100.6548
2013-11-25,100.6343
2013-11-26,100.6611
2013-11-27,100.936
2013-11-28,101.4562
2013-11-29,101.9657
2013-12-02,101.4457
2013-12-03,101.7259
2013-12-04,101.6229
2013-12-05,101.3847
2013-12-06,101.3686
2013-12-09,101.0938
2013-12-10,100.6472
2013-12-11,100.3633
2013-12-12,100.4774
2013-12-13,100.9182
2013-12-16,100.8386
2013-12-17,100.8315
2013-12-18,100.7622
2013-12-19,100.6202
2013-12-20,100.5847
2013-12-23,100.5166
2013-12-24,100.6307
2013-12-25,100.6625
2013-12-26,100.6988
2013-12-27,100.6595
2013-12-30,100.6891
2013-12-31,100.6514
2014-01-02,100.5156
2014-01-03,100.3962
2014-01-06,100.3469
2014-01-07,100.2728
2014-01-08,100.4077
2014-01-09,100.4995
2014-01-10,100.5941
2014-01-13,100.5879
2014-01-14,100.5646
2014-01-15,100.6795
2014-01-16,100.6256
2014-01-17,100.5959
2014-01-20,100.5911
2014-01-21,100.758
2014-01-22,100.9618
2014-01-23,101.1078
2014-01-24,100.9853
2014-01-26,101.2123
2014-01-27,101.2702
2014-01-28,101.4007
2014-01-29,101.3575
2014-01-30,101.2966
2014-02-07,101.486
2014-02-08,101.5174
2014-02-10,101.4444
2014-02-11,101.436
2014-02-12,101.4093
2014-02-13,101.4374
2014-02-14,101.4485
2014-02-17,101.4048
2014-02-18,101.3107
2014-02-19,101.2292
2014-02-20,101.2174
2014-02-21,101.2543
2014-02-24,101.3521
2014-02-25,102.152
2014-02-26,102.0344
2014-02-27,102.4966
2014-02-28,102.326
2014-03-03,102.1463
2014-03-04,101.7609
2014-03-05,101.7393
2014-03-06,101.6607
2014-03-07,101.7104
2014-03-10,101.8684
2014-03-11,101.7964
2014-03-12,101.962
2014-03-13,102.0522
2014-03-14,102.0967
2014-03-17,102.2442
2014-03-18,102.1702
2014-03-19,102.0995
2014-03-20,102.0719
2014-03-21,102.0976
2014-03-24,102.1054
2014-03-25,102.0882
2014-03-26,102.097
2014-03-27,102.0786
2014-03-28,101.9777
2014-03-31,102.0881
2014-04-01,102.0874
2014-04-02,102.0187
2014-04-03,101.9247
2014-04-04,101.8542
2014-04-08,101.8481
2014-04-09,101.8138
2014-04-10,101.8716
2014-04-11,101.9543
2014-04-14,102.1296
2014-04-15,102.1976
2014-04-16,102.2796
2014-04-17,102.7033
2014-04-18,102.6908
2014-04-21,102.7434
2014-04-22,102.7456
2014-04-23,102.6144
2014-04-24,102.6341
2014-04-25,102.5918
2014-04-28,102.5956
2014-04-29,102.6633
2014-04-30,102.7329
2014-05-04,102.9106
2014-05-05,102.9191
2014-05-06,103.0549
2014-05-07,103.2035
2014-05-08,103.4732
2014-05-09,104.4011
2014-05-12,104.2881
2014-05-13,104.1527
2014-05-14,104.0916
2014-05-15,103.9966
2014-05-16,103.9452
2014-05-19,103.9557
2014-05-20,104.0314
2014-05-21,104.0269
2014-05-22,104.0286
2014-05-23,104.1648
2014-05-26,104.1065
2014-05-27,104.1378
2014-05-28,104.2681
2014-05-29,104.4763
2014-05-30,104.7022
2014-06-03,105.0903
2014-06-04,105.2437
2014-06-05,105.1269
2014-06-06,105.0614
2014-06-09,104.958
2014-06-10,105.0441
2014-06-11,105.0227
2014-06-12,105.0146
2014-06-13,104.917
2014-06-16,105.0021
2014-06-17,105.0564
2014-06-18,105.0634
2014-06-19,105.0427
2014-06-20,105.1102
2014-06-23,105.0913
2014-06-24,105.1435
2014-06-25,105.1337
2014-06-26,105.156
2014-06-27,105.1068
2014-06-30,105.0412
2014-07-01,104.9223
2014-07-02,104.6309
2014-07-03,104.4237
2014-07-04,104.3312
2014-07-07,104.447
2014-07-08,104.4878
2014-07-09,104.5118
2014-07-10,104.4579
2014-07-11,104.4701
2014-07-14,104.4024
2014-07-15,104.2921
2014-07-16,103.8543
2014-07-17,103.552
2014-07-18,103.4418
2014-07-21,103.4632
2014-07-22,103.5406
2014-07-23,103.5274
2014-07-24,103.5124
2014-07-25,103.5542
2014-07-28,103.6428
2014-07-29,103.6071
2014-07-30,103.5673
2014-07-31,103.633
2014-08-01,103.6141
2014-08-04,103.8066
2014-08-05,103.7423
2014-08-06,103.7311
2014-08-07,103.6915
2014-08-08,103.6571
2014-08-11,103.5334
2014-08-12,103.5297
2014-08-13,103.5693
2014-08-14,103.8409
2014-08-15,103.9267
2014-08-18,103.8773
2014-08-19,103.8452
2014-08-20,103.8012
2014-08-21,103.7462
2014-08-22,103.664
2014-08-25,103.7682
2014-08-26,103.8178
2014-08-27,103.8883
2014-08-28,103.9438
2014-08-29,103.9199
2014-09-01,103.8874
2014-09-02,103.851
2014-09-03,103.8082
2014-09-04,103.7404
2014-09-05,103.6705
2014-09-09,103.6567
2014-09-10,103.6232
2014-09-11,103.6308
2014-09-12,103.6812
2014-09-15,103.7117
2014-09-16,103.734
2014-09-17,103.997
2014-09-18,104.5856
2014-09-19,105.1542
2014-09-22,105.3284
2014-09-23,105.4221
2014-09-24,105.3437
2014-09-25,105.3942
2014-09-26,105.3407
2014-09-28,105.3573
2014-09-29,105.4529
2014-09-30,105.555
2014-10-08,105.494
2014-10-09,105.4357
2014-10-10,105.4007
2014-10-11,105.4239
2014-10-13,105.5353
2014-10-14,106.1687
2014-10-15,106.6879
2014-10-16,106.7651
2014-10-17,106.8668
2014-10-20,107.3247
2014-10-21,107.4326
2014-10-22,107.1701
2014-10-23,106.9662
2014-10-24,106.8688
2014-10-27,107.0739
2014-10-28,107.2001
2014-10-29,107.4547
2014-10-30,107.2985
2014-10-31,107.2764
2014-11-03,107.6245
2014-11-04,108.1842
2014-11-05,108.4745
2014-11-06,108.2519
2014-11-07,108.8305
2014-11-10,109.202
2014-11-11,109.2489
2014-11-12,108.986
2014-11-13,108.5965
2014-11-14,108.2979
2014-11-17,108.0298
2014-11-18,108.3217
2014-11-19,108.2862
2014-11-20,108.1168
2014-11-21,107.9996
2014-11-24,109.4067
2014-11-25,109.0993
2014-11-26,109.101
2014-11-27,109.0945
2014-11-28,109.1389
2014-12-01,109.1886
2014-12-02,109.0629
2014-12-03,108.4438
2014-12-04,108.0616
2014-12-05,107.1019
2014-12-08,107.0828
2014-12-09,107.1306
2014-12-10,107.4559
2014-12-11,107.3556
2014-12-12,107.2792
2014-12-15,107.1017
2014-12-16,107.2358
2014-12-17,107.3246
2014-12-18,107.312
2014-12-19,107.5928
2014-12-22,107.6432
2014-12-23,107.937
2014-12-24,108.34
2014-12-25,108.2621
2014-12-26,108.4231
2014-12-29,108.3218
2014-12-30,108.2825
2014-12-31,108.1754
2015-01-04,108.2536
2015-01-05,108.172
2015-01-06,108.1081
2015-01-07,108.1085
2015-01-08,108.1624
2015-01-09,108.1246
2015-01-12,108.1331
2015-01-13,108.3954
2015-01-14,108.7115
2015-01-15,108.8675
2015-01-16,109.1204
2015-01-19,109.281
2015-01-20,109.3447
2015-01-21,109.3973
2015-01-22,109.493
2015-01-23,109.6078
2015-01-26,109.6643
2015-01-27,109.6046
2015-01-28,109.5038
2015-01-29,109.2667
2015-01-30,109.239
2015-02-02,109.3622
2015-02-03,109.523
2015-02-04,109.4924
2015-02-05,109.6454
2015-02-06,109.5899
2015-02-09,109.7551
2015-02-10,109.829
2015-02-11,109.9463
2015-02-12,110.1224
2015-02-13,110.3403
2015-02-15,110.4856
2015-02-16,110.5525
2015-02-17,110.6194
2015-02-25,110.7123
2015-02-26,110.5159
2015-02-27,110.5076
2015-02-28,110.5735
2015-03-02,110.3782
2015-03-03,110.1504
2015-03-04,110.0698
2015-03-05,109.72
2015-03-06,109.6806
2015-03-09,109.3043
2015-03-10,109.3597
2015-03-11,109.8911
2015-03-12,109.8714
2015-03-13,109.7222
2015-03-16,109.3346
2015-03-17,109.2412
2015-03-18,109.1334
2015-03-19,109.1611
2015-03-20,109.2796
2015-03-23,109.3122
2015-03-24,109.3275
2015-03-25,109.2803
2015-03-26,108.7661
2015-03-27,108.7461
2015-03-30,108.4997
2015-03-31,107.9427
2015-04-01,108.2532
2015-04-02,108.581
2015-04-03,108.4629
2015-04-07,108.333
2015-04-08,107.5743
2015-04-09,107.5627
2015-04-10,107.7204
2015-04-13,107.8615
2015-04-14,108.0638
2015-04-15,108.2993
2015-04-16,108.417
2015-04-17,108.4973
2015-04-20,109.3507
2015-04-21,109.7153
2015-04-22,109.5874
2015-04-23,109.3821
2015-04-24,109.3618
2015-04-27,109.498
2015-04-28,109.7595
2015-04-29,109.7093
2015-04-30,109.8359
2015-05-04,109.9255
2015-05-05,109.7724
2015-05-06,109.3705
2015-05-07,109.3483
2015-05-08,109.5883
2015-05-11,109.4951
2015-05-12,109.5599
2015-05-13,109.6477
2015-05-14,109.7317
2015-05-15,109.783
2015-05-18,109.7627
2015-05-19,109.6389
2015-05-20,109.5773
2015-05-21,109.5471
2015-05-22,109.597
2015-05-25,109.5674
2015-05-26,108.9726
2015-05-27,108.9659
2015-05-28,108.4401
2015-05-29,108.382
2015-06-01,107.876
2015-06-02,108.1093
2015-06-03,108.2347
2015-06-04,108.2899
2015-06-05,108.3159
2015-06-08,108.5202
2015-06-09,108.57
2015-06-10,108.5301
2015-06-11,108.4059
2015-06-12,108.2992
2015-06-15,108.1364
2015-06-16,108.0727
2015-06-17,108.1788
2015-06-18,108.3745
2015-06-19,108.4913
2015-06-23,108.3709
2015-06-24,108.3112
2015-06-25,108.262
2015-06-26,108.3297
2015-06-29,108.2952
2015-06-30,108.3317
2015-07-01,108.2079
2015-07-02,108.1825
2015-07-03,108.4037
2015-07-06,108.9414
2015-07-07,109.3235
2015-07-08,109.3305
2015-07-09,109.4927
2015-07-10,109.0771
2015-07-13,109.101
2015-07-14,108.8535
2015-07-15,108.7455
2015-07-16,108.7359
2015-07-17,108.8298
2015-07-20,108.9579
2015-07-21,108.9347
2015-07-22,108.861
2015-07-23,108.9735
2015-07-24,109.1859
2015-07-27,109.2922
2015-07-28,109.4097
2015-07-29,109.4361
2015-07-30,109.4647
2015-07-31,109.1576
2015-08-03,109.0698
2015-08-04,109.1736
2015-08-05,109.2344
2015-08-06,109.269
2015-08-07,109.2919
2015-08-10,109.2811
2015-08-11,108.9588
2015-08-12,108.8816
2015-08-13,108.8298
2015-08-14,108.9339
2015-08-17,108.8862
2015-08-18,108.8607
2015-08-19,108.7873
2015-08-20,108.7891
2015-08-21,108.8365
2015-08-24,108.9463
2015-08-25,109.0689
2015-08-26,109.1151
2015-08-27,109.6901
2015-08-28,109.737
2015-08-31,110.0874
2015-09-01,110.2622
2015-09-02,110.3091
2015-09-06,110.2787
2015-09-07,110.1711
2015-09-08,110.1289
2015-09-09,110.0657
2015-09-10,110.0628
2015-09-11,110.0854
2015-09-14,110.0919
2015-09-15,110.1643
2015-09-16,110.1961
2015-09-17,110.1901
2015-09-18,110.2605
2015-09-21,110.2126
2015-09-22,110.1759
2015-09-23,110.1045
2015-09-24,110.227
2015-09-25,110.2087
2015-09-28,110.3772
2015-09-29,110.5542
2015-09-30,110.7119
2015-10-08,110.7733
2015-10-09,111.5112
2015-10-10,111.5315
2015-10-12,111.4342
2015-10-13,111.8836
2015-10-14,112.4679
2015-10-15,112.092
2015-10-16,111.7426
2015-10-19,111.7343
2015-10-20,112.1209
2015-10-21,112.0854
2015-10-22,112.1025
2015-10-23,112.2676
2015-10-26,112.5946
2015-10-27,112.8609
2015-10-28,112.7713
2015-10-29,112.5025
2015-10-30,112.3226
2015-11-02,112.3825
2015-11-03,112.1411
2015-11-04,111.8871
2015-11-05,111.7427
2015-11-06,111.7454
2015-11-09,111.01
2015-11-10,111.1786
2015-11-11,111.5168
2015-11-12,111.5414
2015-11-13,111.5999
2015-11-16,111.5711
2015-11-17,111.573
2015-11-18,111.4513
2015-11-19,111.3406
2015-11-20,111.4561
2015-11-23,111.4509
2015-11-24,111.5702
2015-11-25,111.7238
2015-11-26,111.9815
2015-11-27,111.9425
2015-11-30,112.1308
2015-12-01,112.1196
2015-12-02,112.1669
2015-12-03,112.2418
2015-12-04,112.3233
2015-12-07,112.308
2015-12-08,112.4085
2015-12-09,112.5396
2015-12-10,112.5229
2015-12-11,112.6208
2015-12-14,112.4444
2015-12-15,112.3804
2015-12-16,112.5407
2015-12-17,112.5545
2015-12-18,112.9772
2015-12-21,113.5277
2015-12-22,113.7291
2015-12-23,113.6735
2015-12-24,114.1034
2015-12-25,113.9513
2015-12-28,114.16
2015-12-29,114.0362
2015-12-30,114.0304
2015-12-31,114.0254
2016-01-04,113.6269
2016-01-05,113.4729
2016-01-06,113.5011
2016-01-07,113.6617
2016-01-08,113.819
2016-01-11,113.8136
2016-01-12,114.0557
2016-01-13,114.5374
2016-01-14,114.3177
2016-01-15,114.3385
2016-01-18,114.1474
2016-01-19,113.9871
2016-01-20,113.8393
2016-01-21,113.972
2016-01-22,114.0489
2016-01-25,113.7198
2016-01-26,113.6342
2016-01-27,113.4701
2016-01-28,113.4025
2016-01-29,113.6423
2016-02-01,113.6738
2016-02-02,113.5757
2016-02-03,113.4625
2016-02-04,113.3507
2016-02-05,113.4343
2016-02-06,113.465
2016-02-14,113.8434
2016-02-15,113.6848
2016-02-16,113.6233
2016-02-17,113.585
2016-02-18,113.5786
2016-02-19,113.6472
2016-02-22,113.6108
2016-02-23,113.6303
2016-02-24,113.5247
2016-02-25,113.5063
2016-02-26,113.5414
2016-02-29,113.5549
2016-03-01,113.6306
2016-03-02,113.5422
2016-03-03,113.5027
2016-03-04,113.3987
2016-03-07,113.2019
2016-03-08,113.2539
2016-03-09,113.3774
2016-03-10,113.4926
2016-03-11,113.5744
2016-03-14,113.6214
2016-03-15,113.7305
2016-03-16,113.7971
2016-03-17,113.8722
2016-03-18,113.8466
2016-03-21,113.8236
2016-03-22,113.8364
2016-03-23,113.7975
2016-03-24,113.811
2016-03-25,113.8909
2016-03-28,113.7904
2016-03-29,113.8004
2016-03-30,113.7859
2016-03-31,113.8588
2016-04-01,113.8299
2016-04-05,113.847
2016-04-06,113.8248
2016-04-07,113.7129
2016-04-08,113.6683
2016-04-11,113.6229
2016-04-12,113.6808
2016-04-13,113.5724
2016-04-14,113.4396
2016-04-15,113.3885
2016-04-18,113.4597
2016-04-19,113.5024
2016-04-20,113.3823
2016-04-21,113.3429
2016-04-22,113.0427
2016-04-25,112.77
2016-04-26,112.8694
2016-04-27,113.0242
2016-04-28,113.0815
2016-04-29,113.0876
2016-05-03,113.1227
2016-05-04,113.211
2016-05-05,113.2658
2016-05-06,113.1387
2016-05-09,113.2135
2016-05-10,113.1962
2016-05-11,113.2278
2016-05-12,113.2125
2016-05-13,113.2979
2016-05-16,113.1464
2016-05-17,113.1377
2016-05-18,113.0049
2016-05-19,112.8564
2016-05-20,112.9535
2016-05-23,112.9457
2016-05-24,113.0285
2016-05-25,112.9913
2016-05-26,112.954
2016-05-27,112.933
2016-05-30,112.7901
2016-05-31,112.8334
2016-06-01,112.773
2016-06-02,112.6149
2016-06-03,112.5181
2016-06-06,112.6769
2016-06-07,112.6404
2016-06-08,112.702
2016-06-12,112.6896
2016-06-13,112.6634
2016-06-14,112.7752
2016-06-15,112.9366
2016-06-16,112.9829
2016-06-17,112.931
2016-06-20,112.9819
2016-06-21,112.9229
2016-06-22,113.0088
2016-06-23,113.0321
2016-06-24,113.1445
2016-06-27,113.569
2016-06-28,113.5901
2016-06-29,113.6375
2016-06-30,113.5545
2016-07-01,113.8476
2016-07-04,113.8665
2016-07-05,113.7632
2016-07-06,113.7836
2016-07-07,113.8316
2016-07-08,113.8561
2016-07-11,113.8642
2016-07-12,113.7954
2016-07-13,113.7745
2016-07-14,113.774
2016-07-15,113.7972
2016-07-18,113.7926
2016-07-19,113.7958
2016-07-20,113.8645
2016-07-21,114.0333
2016-07-22,114.0835
2016-07-25,113.9822
2016-07-26,114.033
2016-07-27,113.9529
2016-07-28,114.0149
2016-07-29,114.0319
2016-08-01,114.0953
2016-08-02,114.1301
2016-08-03,114.0914
2016-08-04,114.1367
2016-08-05,114.3313
2016-08-08,114.3134
2016-08-09,114.4581
2016-08-10,114.5027
2016-08-11,114.6102
2016-08-12,114.7302
2016-08-15,114.913
2016-08-16,115.01
2016-08-17,114.9301
2016-08-18,114.7999
2016-08-19,114.763
2016-08-22,114.6928
2016-08-23,114.5446
2016-08-24,114.3433
2016-08-25,114.4164
2016-08-26,114.3836
2016-08-29,114.4205
2016-08-30,114.2469
2016-08-31,114.1425
2016-09-01,114.1404
2016-09-02,114.1401
2016-09-05,114.0814
2016-09-06,114.0388
2016-09-07,114.0376
2016-09-08,113.9995
2016-09-09,114.029
2016-09-12,113.9263
2016-09-13,113.9475
2016-09-14,114.001
2016-09-18,114.0924
2016-09-19,114.09
2016-09-20,114.1784
2016-09-21,114.1683
2016-09-22,114.1845
2016-09-23,114.1471
2016-09-26,114.2521
2016-09-27,114.1972
2016-09-28,114.226
2016-09-29,114.1619
2016-09-30,114.2625
2016-10-08,114.2817
2016-10-09,114.4785
2016-10-10,114.5569
2016-10-11,114.5497
2016-10-12,114.4944
2016-10-13,114.5459
2016-10-14,114.6223
2016-10-17,114.5888
2016-10-18,114.635
2016-10-19,114.7569
2016-10-20,114.9045
2016-10-21,115.0978
2016-10-24,115.1636
2016-10-25,115.1127
2016-10-26,114.9446
2016-10-27,114.7624
2016-10-28,114.8595
2016-10-31,114.6788
2016-11-01,114.667
2016-11-02,114.623
2016-11-03,114.6165
2016-11-04,114.6207
2016-11-07,114.5669
2016-11-08,114.4435
2016-11-09,114.3914
2016-11-10,114.2709
2016-11-11,114.148
2016-11-14,113.8574
2016-11-15,113.7704
2016-11-16,113.6399
2016-11-17,113.5102
2016-11-18,113.4751
2016-11-21,113.35
2016-11-22,113.4499
2016-11-23,113.6319
2016-11-24,113.6547
2016-11-25,113.4171
2016-11-28,113.5247
2016-11-29,113.1554
2016-11-30,112.8515
2016-12-01,112.5881
2016-12-02,112.5278
2016-12-05,112.226
2016-12-06,111.551
2016-12-07,111.7646
2016-12-08,111.9032
2016-12-09,111.8607
2016-12-12,111.4271
2016-12-13,111.1549
2016-12-14,111.0433
2016-12-15,110.0298
2016-12-16,110.3007
2016-12-19,109.9501
2016-12-20,109.7862
2016-12-21,110.2833
2016-12-22,110.924
2016-12-23,111.1554
2016-12-26,111.5406
2016-12-27,111.3187
2016-12-28,111.5514
2016-12-29,112.0665
2016-12-30,112.2942
2016-12-31,112.2901
2017-01-03,111.7584
2017-01-04,111.3366
2017-01-05,110.9691
2017-01-06,111.0547
2017-01-09,111.272
2017-01-10,111.2909
2017-01-11,111.0589
2017-01-12,111.2097
2017-01-13,111.1923
2017-01-16,110.9752
2017-01-17,110.7867
2017-01-18,110.7272
2017-01-19,110.5939
2017-01-20,110.7312
2017-01-22,110.6923
2017-01-23,110.6821
2017-01-24,110.4192
2017-01-25,110.0252
2017-01-26,109.9448
2017-02-03,109.5792
2017-02-04,109.6522
2017-02-06,109.2735
2017-02-07,109.2066
2017-02-08,109.4019
2017-02-09,109.7036
2017-02-10,109.4854
2017-02-13,109.5279
2017-02-14,109.5964
2017-02-15,109.6202
2017-02-16,109.8647
2017-02-17,110.0563
2017-02-20,110.2233
2017-02-21,110.1286
2017-02-22,110.1817
2017-02-23,110.2418
2017-02-24,110.1381
2017-02-27,110.2315
2017-02-28,110.2355
2017-03-01,110.1689
2017-03-02,110.1258
2017-03-03,110.0886
2017-03-06,110.0537
2017-03-07,110.0524
2017-03-08,109.893
2017-03-09,109.8269
2017-03-10,109.8762
2017-03-13,109.8849
2017-03-14,110.0142
2017-03-15,110.0059
2017-03-16,110.2986
2017-03-17,110.2761
2017-03-20,110.1047
2017-03-21,109.9176
2017-03-22,109.9914
2017-03-23,110.0587
2017-03-24,110.3603
2017-03-27,110.4319
2017-03-28,110.3152
2017-03-29,110.2247
2017-03-30,110.1792
2017-03-31,110.1609
2017-04-01,110.2366
2017-04-05,110.1025
2017-04-06,110.1715
2017-04-07,110.1265
2017-04-10,110.0472
2017-04-11,110.0758
2017-04-12,110.0317
2017-04-13,109.9415
2017-04-14,109.5505
2017-04-17,109.0929
2017-04-18,109.0456
2017-04-19,109.0499
2017-04-20,108.8534
2017-04-21,108.5314
2017-04-24,108.3407
2017-04-25,108.63
2017-04-26,108.6471
2017-04-27,108.6559
2017-04-28,108.5805
2017-05-02,108.416
2017-05-03,108.1601
2017-05-04,107.9175
2017-05-05,107.844
2017-05-08,107.5439
2017-05-09,107.3351
2017-05-10,106.8789
2017-05-11,107.1671
2017-05-12,107.141
2017-05-15,107.3006
2017-05-16,107.2352
2017-05-17,106.9782
2017-05-18,107.0124
2017-05-19,106.8659
2017-05-22,106.5955
2017-05-23,106.6878
2017-05-24,106.8166
2017-05-25,106.9447
2017-05-26,106.9284
2017-05-27,106.9872
2017-05-31,107.285
2017-06-01,107.2283
2017-06-02,107.185
2017-06-05,107.2419
2017-06-06,107.1833
2017-06-07,107.0508
2017-06-08,107.0584
2017-06-09,107.1988
2017-06-12,107.5883
2017-06-13,107.6458
2017-06-14,107.8405
2017-06-15,107.7584
2017-06-16,107.6634
2017-06-19,108.1522
2017-06-20,108.167
2017-06-21,107.7871
2017-06-22,107.6779
2017-06-23,107.7439
2017-06-26,107.9539
2017-06-27,108.0357
2017-06-28,107.8845
2017-06-29,107.811
2017-06-30,107.6416
2017-07-03,107.3743
2017-07-04,107.3987
2017-07-05,107.6334
2017-07-06,107.7196
2017-07-07,107.6165
2017-07-10,107.5627
2017-07-11,107.6194
2017-07-12,107.6878
2017-07-13,107.8006
2017-07-14,107.7751
2017-07-17,107.8101
2017-07-18,107.5832
2017-07-19,107.5719
2017-07-20,107.6104
2017-07-21,107.5736
2017-07-24,107.5665
2017-07-25,107.5033
2017-07-26,107.3145
2017-07-27,107.4032
2017-07-28,107.4057
2017-07-31,107.3124
2017-08-01,107.1887
2017-08-02,107.2608
2017-08-03,107.2914
2017-08-04,107.3298
2017-08-07,107.0736
2017-08-08,107.1017
2017-08-09,107.0474
2017-08-10,107.1825
2017-08-11,107.333
2017-08-14,107.4438
2017-08-15,107.4179
2017-08-16,107.2869
2017-08-17,107.3036
2017-08-18,107.2914
2017-08-21,107.1331
2017-08-22,107.118
2017-08-23,107.1752
2017-08-24,107.0889
2017-08-25,107.056
2017-08-28,106.9324
2017-08-29,107.0091
2017-08-30,107.024
2017-08-31,107.0662
2017-09-01,107.0358
2017-09-04,106.9752
2017-09-05,106.8289
2017-09-06,106.8931
2017-09-07,107.1384
2017-09-08,107.2392
2017-09-11,107.192
2017-09-12,107.2087
2017-09-13,107.1328
2017-09-14,107.3357
2017-09-15,107.3325
2017-09-18,107.1815
2017-09-19,107.2215
2017-09-20,107.1721
2017-09-21,107.0515
2017-09-22,107.1747
2017-09-25,107.3069
2017-09-26,107.2439
2017-09-27,107.2419
2017-09-28,107.2661
2017-09-29,107.2605
2017-09-30,107.2886
2017-10-09,107.093
2017-10-10,107.1172
2017-10-11,107.096
2017-10-12,106.9641
2017-10-13,106.9972
2017-10-16,106.7175
2017-10-17,106.4507
2017-10-18,106.4339
2017-10-19,106.526
2017-10-20,106.5058
2017-10-23,106.4921
2017-10-24,106.4455
2017-10-25,106.0606
2017-10-26,106.097
2017-10-27,105.7379
2017-10-30,105.0641
2017-10-31,105.1352
2017-11-01,105.3585
2017-11-02,105.326
2017-11-03,105.2602
2017-11-06,105.2899
2017-11-07,105.1829
2017-11-08,105.206
2017-11-09,105.135
2017-11-10,105.0017
2017-11-13,104.6348
2017-11-14,104.6227
2017-11-15,104.6585
2017-11-16,104.8444
2017-11-17,104.8448
2017-11-20,104.7153
2017-11-21,104.6504
2017-11-22,104.3363
2017-11-23,104.4863
2017-11-24,104.7194
2017-11-27,104.6865
2017-11-28,104.6907
2017-11-29,104.9626
2017-11-30,105.1063
2017-12-01,105.1237
2017-12-04,105.1868
2017-12-05,105.2542
2017-12-06,105.2698
2017-12-07,105.1913
2017-12-08,105.0657
2017-12-11,104.7948
2017-12-12,104.7258
2017-12-13,104.7338
2017-12-14,104.8317
2017-12-15,104.97
2017-12-18,104.9921
2017-12-19,105.0058
2017-12-20,105.0365
2017-12-21,105.0823
2017-12-22,105.1686
2017-12-25,105.1191
2017-12-26,105.0897
2017-12-27,105.0603
2017-12-28,105.0599
2017-12-29,105.1379
2017-12-30,105.137
2017-12-31,105.1383
2018-01-02,105.085
2018-01-03,104.9756
2018-01-04,104.882
2018-01-05,104.914
2018-01-08,104.9292
2018-01-09,105.0373
2018-01-10,104.956
2018-01-11,104.8655
2018-01-12,104.8983
2018-01-15,104.7804
2018-01-16,104.7372
2018-01-17,104.7428
2018-01-18,104.5492
2018-01-19,104.5829
2018-01-22,104.4677
2018-01-23,104.4704
2018-01-24,104.499
2018-01-25,104.5461
2018-01-26,104.54
2018-01-29,104.5699
2018-01-30,104.5781
2018-01-31,104.6953
2018-02-01,104.7568
2018-02-02,104.7637
2018-02-05,104.6942
2018-02-06,104.9427
2018-02-07,105.019
2018-02-08,104.9878
2018-02-09,104.9799
2018-02-11,104.9611
2018-02-12,105.0195
2018-02-13,105.0336
2018-02-14,105.0822
2018-02-22,105.0518
2018-02-23,105.0499
2018-02-24,105.0505
2018-02-26,105.2155
2018-02-27,105.4021
2018-02-28,105.3859
2018-03-01,105.3561
2018-03-02,105.2925
2018-03-05,105.2424
2018-03-06,105.3031
2018-03-07,105.403
2018-03-08,105.4265
2018-03-09,105.4213
2018-03-12,105.4832
2018-03-13,105.466
2018-03-14,105.4455
2018-03-15,105.4973
2018-03-16,105.5135
2018-03-19,105.54
2018-03-20,105.7381
2018-03-21,105.8136
2018-03-22,105.923
2018-03-23,106.2074
2018-03-26,106.1971
2018-03-27,106.1157
2018-03-28,106.1075
2018-03-29,106.0248
2018-03-30,106.0909
2018-04-02,106.1234
2018-04-03,106.004
2018-04-04,106.1352
2018-04-08,106.2206
2018-04-09,106.3781
2018-04-10,106.264
2018-04-11,106.3661
2018-04-12,106.4073
2018-04-13,106.4705
2018-04-16,106.8411
2018-04-17,106.8978
2018-04-18,107.9399
2018-04-19,107.9325
2018-04-20,107.8732
2018-04-23,107.516
2018-04-24,107.5798
2018-04-25,107.3688
2018-04-26,107.1811
2018-04-27,107.1097
2018-04-28,107.1543
2018-05-02,106.8434
2018-05-03,106.9733
2018-05-04,107.1514
2018-05-07,107.0729
2018-05-08,106.8269
2018-05-09,106.741
2018-05-10,106.8287
2018-05-11,106.9187
2018-05-14,106.8866
2018-05-15,106.797
2018-05-16,106.7796
2018-05-17,106.8024
2018-05-18,106.8083
2018-05-21,106.891
2018-05-22,107.0159
2018-05-23,107.1346
2018-05-24,107.1533
2018-05-25,107.3799
2018-05-28,107.4385
2018-05-29,107.4493
2018-05-30,107.5169
2018-05-31,107.4374
2018-06-01,107.3976
2018-06-04,107.1692
2018-06-05,107.1263
2018-06-06,107.1202
2018-06-07,107.0611
2018-06-08,107.2165
2018-06-11,107.1132
2018-06-12,106.9341
2018-06-13,107.0376
2018-06-14,107.2502
2018-06-15,107.4598
2018-06-19,107.7177
2018-06-20,107.5213
2018-06-21,107.6785
2018-06-22,107.7429
2018-06-25,107.681
2018-06-26,107.69
2018-06-27,107.8201
2018-06-28,108.0216
2018-06-29,108.3876
2018-07-02,108.4179
2018-07-03,108.2958
2018-07-04,108.2292
2018-07-05,108.2431
2018-07-06,108.1609
2018-07-09,108.0004
2018-07-10,107.9744
2018-07-11,108.1994
2018-07-12,108.1488
2018-07-13,108.32
2018-07-16,108.3965
2018-07-17,108.4225
2018-07-18,108.5023
2018-07-19,108.6476
2018-07-20,108.2607
2018-07-23,108.2288
2018-07-24,107.9572
2018-07-25,107.9183
2018-07-26,108.0791
2018-07-27,108.1828
2018-07-30,108.1655
2018-07-31,108.4367
2018-08-01,108.4971
2018-08-02,108.5281
2018-08-03,108.677
2018-08-06,108.6584
2018-08-07,108.5388
2018-08-08,108.2682
2018-08-09,108.0986
2018-08-10,108.0214
2018-08-13,107.8055
2018-08-14,107.9537
2018-08-15,107.8327
2018-08-16,107.6543
2018-08-17,107.4471
2018-08-20,107.4204
2018-08-21,107.3717
2018-08-22,107.5274
2018-08-23,107.5532
2018-08-24,107.5089
2018-08-27,107.444
2018-08-28,107.4797
2018-08-29,107.4759
2018-08-30,107.6894
2018-08-31,107.6818
2018-09-03,107.5721
2018-09-04,107.4602
2018-09-05,107.4369
2018-09-06,107.4052
2018-09-07,107.3442
2018-09-10,107.1542
2018-09-11,107.0234
2018-09-12,107.0902
2018-09-13,107.1418
2018-09-14,107.2219
2018-09-17,107.2453
2018-09-18,107.2127
2018-09-19,107.0307
2018-09-20,106.8793
2018-09-21,107.0069
2018-09-25,107.0349
2018-09-26,107.1558
2018-09-27,107.3542
2018-09-28,107.3923
2018-09-29,107.4265
2018-09-30,107.4165
2018-10-08,107.4088
2018-10-09,107.4032
2018-10-10,107.4423
2018-10-11,107.731
2018-10-12,107.7052
2018-10-15,107.7096
2018-10-16,107.7702
2018-10-17,107.7457
2018-10-18,107.9865
2018-10-19,107.915
2018-10-22,107.7887
2018-10-23,107.8704
2018-10-24,108.0421
2018-10-25,108.0783
2018-10-26,108.1162
2018-10-29,108.3513
2018-10-30,108.3262
2018-10-31,108.3613
2018-11-01,108.4411
2018-11-02,108.1414
2018-11-05,108.234
2018-11-06,108.3989
2018-11-07,108.5739
2018-11-08,108.5775
2018-11-09,108.6014
2018-11-12,108.5911
2018-11-13,108.6334
2018-11-14,109.0477
2018-11-15,109.1788
2018-11-16,109.4763
2018-11-19,109.416
2018-11-20,109.3317
2018-11-21,109.3687
2018-11-22,109.3042
2018-11-23,109.2979
2018-11-26,109.1976
2018-11-27,109.2421
2018-11-28,109.346
2018-11-29,109.4714
2018-11-30,109.3987
2018-12-03,109.3826
2018-12-04,109.7518
2018-12-05,109.8702
2018-12-06,110.0094
2018-12-07,110.0339
2018-12-10,110.1887
2018-12-11,110.1898
2018-12-12,110.2017
2018-12-13,109.8723
2018-12-14,109.8304
2018-12-17,109.4312
2018-12-18,109.4807
2018-12-19,109.6144
2018-12-20,109.8112
2018-12-21,109.8867
2018-12-24,109.8056
2018-12-25,109.8537
2018-12-26,109.9471
2018-12-27,110.1821
2018-12-28,110.5216
2018-12-29,110.5647
2018-12-30,110.5616
2018-12-31,110.5621
2019-01-02,111.0179
2019-01-03,111.0929
2019-01-04,111.0972
2019-01-07,111.002
2019-01-08,111.2961
2019-01-09,111.2733
2019-01-10,111.2395
2019-01-11,111.2749
2019-01-14,111.1251
2019-01-15,111.1122
2019-01-16,111.4501
2019-01-17,111.5447
2019-01-18,111.5039
2019-01-21,111.4005
2019-01-22,111.4139
2019-01-23,111.3699
2019-01-24,111.264
2019-01-25,111.2825
2019-01-28,111.2111
2019-01-29,111.2581
2019-01-30,111.4015
2019-01-31,111.4625
2019-02-01,111.4622
2019-02-02,111.4859
2019-02-03,111.5268
2019-02-11,111.6475
2019-02-12,111.6383
2019-02-13,111.609
2019-02-14,111.5584
2019-02-15,111.5701
2019-02-18,111.3354
2019-02-19,111.3003
2019-02-20,111.3456
2019-02-21,111.2621
2019-02-22,111.175
2019-02-25,110.8892
2019-02-26,110.7187
2019-02-27,110.8969
2019-02-28,110.8546
2019-03-01,110.6962
2019-03-04,110.6121
2019-03-05,110.5458
2019-03-06,110.5781
2019-03-07,110.8553
2019-03-08,110.9337
2019-03-11,110.9248
2019-03-12,110.8967
2019-03-13,110.9056
2019-03-14,110.8925
2019-03-15,110.8786
2019-03-18,110.9105
2019-03-19,110.9063
2019-03-20,110.8808
2019-03-21,110.9545
2019-03-22,111.0829
2019-03-25,111.198
2019-03-26,111.3444
2019-03-27,111.3016
2019-03-28,111.3486
2019-03-29,111.3406
2019-04-01,110.8973
2019-04-02,110.6559
2019-04-03,110.1871
2019-04-04,110.0306
2019-04-08,110.1577
2019-04-09,109.9003
2019-04-10,109.8977
2019-04-11,110.0037
2019-04-12,109.7264
2019-04-15,109.4204
2019-04-16,109.2176
2019-04-17,109.2347
2019-04-18,109.4141
2019-04-19,109.3458
2019-04-22,109.0343
2019-04-23,109.0618
2019-04-24,108.8869
2019-04-25,108.9364
2019-04-26,108.9614
2019-04-28,108.9493
2019-04-29,108.9288
2019-04-30,109.0699
2019-05-05,109.0968
2019-05-06,109.3588
2019-05-07,109.3317
2019-05-08,109.4239
2019-05-09,109.678
2019-05-10,109.7218
2019-05-13,109.9333
2019-05-14,109.8196
2019-05-15,109.8681
2019-05-16,109.9772
2019-05-17,109.9764
2019-05-20,109.944
2019-05-21,109.7975
2019-05-22,109.6643
2019-05-23,109.7302
2019-05-24,109.7632
2019-05-27,109.5162
2019-05-28,109.6455
2019-05-29,109.8693
2019-05-30,109.9458
2019-05-31,109.9917
2019-06-03,110.228
2019-06-04,110.401
2019-06-05,110.391
2019-06-06,110.5014
2019-06-10,110.4322
2019-06-11,110.1601
2019-06-12,110.2124
2019-06-13,110.2994
2019-06-14,110.4116
2019-06-17,110.4794
2019-06-18,110.4038
2019-06-19,110.3322
2019-06-20,110.3824
2019-06-21,110.376
2019-06-24,110.3376
2019-06-25,110.357
2019-06-26,110.3434
2019-06-27,110.2943
2019-06-28,110.4276
2019-07-01,110.401
2019-07-02,110.7601
2019-07-03,110.9474
2019-07-04,110.963
2019-07-05,110.8778
2019-07-08,110.8489
2019-07-09,110.8609
2019-07-10,110.8551
2019-07-11,110.9223
2019-07-12,110.9859
2019-07-15,110.9075
2019-07-16,110.9518
2019-07-17,110.8993
2019-07-18,111.0019
2019-07-19,111.054
2019-07-22,111.0765
2019-07-23,111.1004
2019-07-24,111.0021
2019-07-25,111.0498
2019-07-26,111.016
2019-07-29,110.9319
2019-07-30,110.9637
2019-07-31,111.066
2019-08-01,111.1327
2019-08-02,111.4896
2019-08-05,111.7581
2019-08-06,111.7563
2019-08-07,111.7958
2019-08-08,111.7723
2019-08-09,111.9626
2019-08-12,111.8606
2019-08-13,112.0632
2019-08-14,112.0295
2019-08-15,112.0696
2019-08-16,112.0514
2019-08-19,112.0543
2019-08-20,111.9948
2019-08-21,111.835
2019-08-22,111.8225
2019-08-23,111.8023
2019-08-26,111.908
2019-08-27,111.87
2019-08-28,111.843
2019-08-29,111.9979
2019-08-30,111.825
2019-09-02,111.7253
2019-09-03,111.7523
2019-09-04,111.8181
2019-09-05,112.1161
2019-09-06,112.1041
2019-09-09,112.0545
2019-09-10,111.8957
2019-09-11,111.841
2019-09-12,111.5687
2019-09-16,111.5577
2019-09-17,111.4665
2019-09-18,111.2062
2019-09-19,111.306
2019-09-20,111.3495
2019-09-23,111.3686
2019-09-24,111.2584
2019-09-25,111.2746
2019-09-26,111.1641
2019-09-27,111.0491
2019-09-29,111.0889
2019-09-30,111.0562
2019-10-08,111.2999
2019-10-09,111.2921
2019-10-10,111.1942
2019-10-11,110.9919
2019-10-12,110.8842
2019-10-14,110.9246
2019-10-15,110.8777
2019-10-16,110.8982
2019-10-17,110.9661
2019-10-18,110.8026
2019-10-21,110.5499
2019-10-22,110.5649
2019-10-23,110.5263
2019-10-24,110.53
2019-10-25,110.4127
2019-10-28,110.0144
2019-10-29,110.0113
2019-10-30,109.8766
2019-10-31,110.1211
2019-11-01,110.2072
2019-11-04,110.0407
2019-11-05,110.3831
2019-11-06,110.351
2019-11-07,110.3106
2019-11-08,110.2906
2019-11-11,110.4566
2019-11-12,110.4646
2019-11-13,110.5916
2019-11-14,110.485
2019-11-15,110.5613
2019-11-18,110.883
2019-11-19,111.0821
2019-11-20,111.0523
2019-11-21,111.0665
2019-11-22,111.0801
2019-11-25,110.9124
2019-11-26,110.9898
2019-11-27,110.9946
2019-11-28,111.0127
2019-11-29,111.0652
2019-12-02,110.8326
2019-12-03,110.9315
2019-12-04,110.9454
2019-12-05,110.9764
2019-12-06,110.9649
2019-12-09,110.9698
2019-12-10,110.9614
2019-12-11,111.0387
2019-12-12,111.0492
2019-12-13,111.0335
2019-12-16,111.0304
2019-12-17,110.9339
2019-12-18,110.93
2019-12-19,110.9575
2019-12-20,111.1689
2019-12-23,111.228
2019-12-24,111.3363
2019-12-25,111.3789
2019-12-26,111.61
2019-12-27,111.5882
2019-12-30,111.568
2019-12-31,111.6569
2020-01-02,111.4825
2020-01-03,111.4188
2020-01-06,111.5072
2020-01-07,111.4521
2020-01-08,111.4728
2020-01-09,111.5402
2020-01-10,111.7251
2020-01-13,111.7196
2020-01-14,111.6411
2020-01-15,111.6597
2020-01-16,111.6697
2020-01-17,111.7399
2020-01-19,111.7758
2020-01-20,111.915
2020-01-21,112.2381
2020-01-22,112.2839
2020-01-23,112.5476
2020-02-03,113.7632
2020-02-04,113.6983
2020-02-05,113.6209
2020-02-06,113.728
2020-02-07,113.9391
2020-02-10,114.0224
2020-02-11,113.7508
2020-02-12,113.7115
2020-02-13,113.7155
2020-02-14,113.5076
2020-02-17,113.325
2020-02-18,113.4081
2020-02-19,113.3381
2020-02-20,113.2597
2020-02-21,113.4786
2020-02-24,113.6679
2020-02-25,113.6604
2020-02-26,113.7169
2020-02-27,113.9259
2020-02-28,114.2906
2020-03-02,114.2529
2020-03-03,114.2068
2020-03-04,114.6616
2020-03-05,114.6244
2020-03-06,115.0065
2020-03-09,115.7692
2020-03-10,115.0715
2020-03-11,115.0449
2020-03-12,114.9571
2020-03-13,114.5871
2020-03-16,114.5716
2020-03-17,114.3122
2020-03-18,114.2862
2020-03-19,114.1861
2020-03-20,114.357
2020-03-23,114.6909
2020-03-24,114.7482
2020-03-25,114.8197
2020-03-26,115.0851
2020-03-27,114.9964
2020-03-30,114.9309
2020-03-31,115.1375
2020-04-01,115.4121
2020-04-02,115.2057
2020-04-03,115.0426
2020-04-07,115.7658
2020-04-08,116.0382
2020-04-09,115.8066
2020-04-10,115.7026
2020-04-13,115.5729
2020-04-14,115.609
2020-04-15,115.7609
2020-04-16,116.0046
2020-04-17,115.8066
2020-04-20,115.5874
2020-04-21,115.6675
2020-04-22,115.8362
2020-04-23,116.3252
2020-04-24,116.5049
2020-04-26,116.4429
2020-04-27,116.3177
2020-04-28,116.4521
2020-04-29,116.7186
2020-04-30,116.4346
2020-05-06,116.0928
2020-05-07,115.5238
2020-05-08,115.5879
2020-05-09,115.4602
2020-05-11,115.143
2020-05-12,115.194
2020-05-13,115.0532
2020-05-14,115.0376
2020-05-15,115.1913
2020-05-18,114.8553
2020-05-19,114.7628
2020-05-20,114.9117
2020-05-21,114.9264
2020-05-22,115.4966
2020-05-25,115.0881
2020-05-26,114.6306
2020-05-27,114.4888
2020-05-28,114.5879
2020-05-29,114.748
2020-06-01,114.5233
2020-06-02,113.9953
2020-06-03,113.6831
2020-06-04,113.4522
2020-06-05,113.315
2020-06-08,113.5513
2020-06-09,113.538
2020-06-10,113.5485
2020-06-11,113.828
2020-06-12,113.9583
2020-06-15,113.8553
2020-06-16,113.2826
2020-06-17,113.004
2020-06-18,113.2044
2020-06-19,113.1197
2020-06-22,112.8967
2020-06-23,112.853
2020-06-24,113.0749
2020-06-28,113.2052
2020-06-29,113.1518
2020-06-30,113.3329
2020-07-01,113.2335
2020-07-02,113.2259
2020-07-03,112.9484
2020-07-06,112.186
2020-07-07,111.9818
2020-07-08,111.6813
2020-07-09,111.3596
2020-07-10,111.6694
2020-07-13,111.5967
2020-07-14,111.8206
2020-07-15,112.2076
2020-07-16,112.3739
2020-07-17,112.3036
2020-07-20,112.3863
2020-07-21,112.6249
2020-07-22,112.8144
2020-07-23,112.6922
2020-07-24,113.0306
2020-07-27,112.9049
2020-07-28,112.5494
2020-07-29,112.3621
2020-07-30,112.3289
2020-07-31,112.0886
2020-08-03,112.1265
2020-08-04,112.1593
2020-08-05,112.0694
2020-08-06,111.9266
2020-08-07,111.8525
2020-08-10,112.0495
2020-08-11,112.0345
2020-08-12,112.0195
2020-08-13,112.0819
2020-08-14,112.2455
2020-08-17,112.2769
2020-08-18,112.0929
2020-08-19,111.9337
2020-08-20,111.7565
2020-08-21,111.9019
2020-08-24,111.7981
2020-08-25,111.4369
2020-08-26,111.3902
2020-08-27,111.3518
2020-08-28,111.1791
2020-08-31,111.5096
2020-09-01,111.417
2020-09-02,111.0451
2020-09-03,111.0469
2020-09-04,110.9696
2020-09-07,110.8064
2020-09-08,110.9522
2020-09-09,111.2226
2020-09-10,111.2388
2020-09-11,110.9276
2020-09-14,110.8035
2020-09-15,111.0523
2020-09-16,110.9786
2020-09-17,110.9078
2020-09-18,110.975
2020-09-21,111.1446
2020-09-22,111.3189
2020-09-23,111.2839
2020-09-24,111.2844
2020-09-25,111.069
2020-09-27,111.0495
2020-09-28,111.1618
2020-09-29,111.0389
2020-09-30,110.839
2020-10-09,110.459
2020-10-10,110.4256
2020-10-12,110.451
2020-10-13,110.4556
2020-10-14,110.2872
2020-10-15,110.2601
2020-10-16,110.2799
2020-10-19,110.4333
2020-10-20,110.4739
2020-10-21,110.567
2020-10-22,110.7568
2020-10-23,110.5945
2020-10-26,110.5456
2020-10-27,110.7327
2020-10-28,110.6087
2020-10-29,110.6517
2020-10-30,110.6785
2020-11-02,110.7164
2020-11-03,110.7486
2020-11-04,110.856
2020-11-05,110.8262
2020-11-06,110.6386
2020-11-09,110.486
2020-11-10,110.5066
2020-11-11,110.5193
2020-11-12,110.3168
2020-11-13,110.2175
2020-11-16,110.2051
2020-11-17,110.1123
2020-11-18,109.8684
2020-11-19,109.6999
2020-11-20,109.8111
2020-11-23,110.0376
2020-11-24,109.9394
2020-11-25,109.9983
2020-11-26,109.9611
2020-11-27,109.9124
2020-11-30,110.2383
2020-12-01,110.1445
2020-12-02,110.0234
2020-12-03,110.0245
2020-12-04,110.1164
2020-12-07,110.0812
2020-12-08,110.2169
2020-12-09,110.1423
2020-12-10,110.2133
2020-12-11,109.9407
2020-12-14,109.9504
2020-12-15,110.0484
2020-12-16,110.0739
2020-12-17,110.0438
2020-12-18,109.9889
2020-12-21,110.1389
2020-12-22,110.4416
2020-12-23,110.4676
2020-12-24,110.3441
2020-12-25,110.5607
2020-12-28,110.6696
2020-12-29,110.729
2020-12-30,110.9605
2020-12-31,110.8174
2021-01-04,110.6254
2021-01-05,110.8168
2021-01-06,110.8782
2021-01-07,110.9751
2021-01-08,110.8157
2021-01-11,110.6733
2021-01-12,110.7449
2021-01-13,110.9954
2021-01-14,111.1401
2021-01-15,110.8239
2021-01-18,110.7217
2021-01-19,110.7386
2021-01-20,110.8248
2021-01-21,111.0113
2021-01-22,111.1012
2021-01-25,111.0572
2021-01-26,110.7675
2021-01-27,110.7952
2021-01-28,110.5174
2021-01-29,110.5598
2021-02-01,110.6493
2021-02-02,110.5813
2021-02-03,110.3488
2021-02-04,110.2401
2021-02-05,110.2641
2021-02-07,110.2698
2021-02-08,110.2094
2021-02-09,110.3174
2021-02-10,110.1745
2021-02-18,109.8753
2021-02-19,110.0804
2021-02-20,110.0847
2021-02-22,109.9874
2021-02-23,109.9964
2021-02-24,110.0229
2021-02-25,109.9782
2021-02-26,109.8954
2021-03-01,110.0893
2021-03-02,110.1313
2021-03-03,110.1036
2021-03-04,110.0848
2021-03-05,110.208
2021-03-08,110.2764
2021-03-09,110.2403
2021-03-10,110.2647
2021-03-11,110.2457
2021-03-12,110.188
2021-03-15,110.1339
2021-03-16,110.1553
2021-03-17,110.1695
2021-03-18,110.1768
2021-03-19,110.2661
2021-03-22,110.327
2021-03-23,110.387
2021-03-24,110.5425
2021-03-25,110.5542
2021-03-26,110.4982
2021-03-29,110.4833
2021-03-30,110.468
2021-03-31,110.5146
2021-04-01,110.4928
2021-04-02,110.4927
2021-04-06,110.4348
2021-04-07,110.3509
2021-04-08,110.3109
2021-04-09,110.4295
2021-04-12,110.548
2021-04-13,110.8025
2021-04-14,110.7902
2021-04-15,110.7716
2021-04-16,110.853
2021-04-19,110.9222
2021-04-20,110.9571
2021-04-21,110.9601
2021-04-22,110.9093
2021-04-23,110.9057
2021-04-25,110.7984
2021-04-26,110.6406
2021-04-27,110.6017
2021-04-28,110.689
2021-04-29,110.766
2021-04-30,110.9182
2021-05-06,110.9931
2021-05-07,110.9884
2021-05-08,111.0061
2021-05-10,111.0622
2021-05-11,111.1166
2021-05-12,111.1825
2021-05-13,111.1287
2021-05-14,111.2248
2021-05-17,111.1171
2021-05-18,111.1677
2021-05-19,111.3414
2021-05-20,111.527
2021-05-21,111.6936
2021-05-24,111.645
2021-05-25,111.6479
2021-05-26,111.7715
2021-05-27,111.6771
2021-05-28,111.55
2021-05-31,111.6415
2021-06-01,111.6888
2021-06-02,111.5551
2021-06-03,111.5822
2021-06-04,111.3265
2021-06-07,111.1705
2021-06-08,111.1686
2021-06-09,111.1653
2021-06-10,111.2476
2021-06-11,111.1267
2021-06-15,111.0803
2021-06-16,111.076
2021-06-17,110.9974
2021-06-18,111.085
2021-06-21,111.3183
2021-06-22,111.3655
2021-06-23,111.4378
2021-06-24,111.4307
2021-06-25,111.4106
2021-06-28,111.3404
2021-06-29,111.348
2021-06-30,111.4029
2021-07-01,111.3792
2021-07-02,111.3687
2021-07-05,111.4278
2021-07-06,111.386
2021-07-07,111.5817
2021-07-08,112.0653
2021-07-09,111.982
2021-07-12,112.405
2021-07-13,112.5086
2021-07-14,112.6333
2021-07-15,112.4077
2021-07-16,112.4605
2021-07-19,112.467
2021-07-20,112.6144
2021-07-21,112.6983
2021-07-22,112.6567
2021-07-23,112.7292
2021-07-26,113.0259
2021-07-27,112.8539
2021-07-28,112.7655
2021-07-29,113.0209
2021-07-30,113.3194
2021-08-02,113.5228
2021-08-03,113.4013
2021-08-04,113.3532
2021-08-05,113.5723
2021-08-06,113.4781
2021-08-09,113.115
2021-08-10,113.0307
2021-08-11,112.9117
2021-08-12,113.1095
2021-08-13,113.0007
2021-08-16,112.9272
2021-08-17,112.9117
2021-08-18,113.1454
2021-08-19,113.2743
2021-08-20,113.2793
2021-08-23,113.1547
2021-08-24,113.1735
2021-08-25,113.2796
2021-08-26,113.015
2021-08-27,113.0522
2021-08-30,113.1557
2021-08-31,113.2345
2021-09-01,113.4378
2021-09-02,113.4394
2021-09-03,113.3912
2021-09-06,113.4081
2021-09-07,113.2055
2021-09-08,113.0831
2021-09-09,113.0528
2021-09-10,113.0835
2021-09-13,112.9228
2021-09-14,112.8917
2021-09-15,112.8451
2021-09-16,112.8747
2021-09-17,112.9641
2021-09-18,113.0235
2021-09-22,113.1004
2021-09-23,113.1646
2021-09-24,113.121
2021-09-26,113.083
2021-09-27,113.089
2021-09-28,113.0167
2021-09-29,113.0555
2021-09-30,113.0619
2021-10-08,112.7897
2021-10-09,112.7104
2021-10-11,112.3739
2021-10-12,112.3318
2021-10-13,112.3117
2021-10-14,112.3417
2021-10-15,112.2614
2021-10-18,111.7527
2021-10-19,111.8922
2021-10-20,112.0089
2021-10-21,112.2026
2021-10-22,112.1506
2021-10-25,112.1405
2021-10-26,112.1818
2021-10-27,112.2443
2021-10-28,112.2716
2021-10-29,112.2866
2021-11-01,112.4324
2021-11-02,112.612
2021-11-03,112.619
2021-11-04,112.6462
2021-11-05,112.9391
2021-11-08,112.9133
2021-11-09,112.8651
2021-11-10,112.8922
2021-11-11,112.7412
2021-11-12,112.7533
2021-11-15,112.8108
2021-11-16,112.8415
2021-11-17,112.8394
2021-11-18,112.8941
2021-11-19,112.7891
2021-11-22,112.9321
2021-11-23,112.8952
2021-11-24,113.0421
2021-11-25,113.0936
2021-11-26,113.3611
2021-11-29,113.3003
2021-11-30,113.2455
2021-12-01,113.1896
2021-12-02,113.077
2021-12-03,112.9265
2021-12-06,113.2806
2021-12-07,113.1471
2021-12-08,113.0007
2021-12-09,112.9711
2021-12-10,113.0993
2021-12-13,112.9935
2021-12-14,113.1013
2021-12-15,113.1068
2021-12-16,113.0265
2021-12-17,113.0526
2021-12-20,113.0293
2021-12-21,113.0093
2021-12-22,113.1362
2021-12-23,113.3055
2021-12-24,113.3009
2021-12-27,113.3846
2021-12-28,113.4751
2021-12-29,113.5586
2021-12-30,113.6794
2021-12-31,113.6921
2022-01-04,113.591
2022-01-05,113.6019
2022-01-06,113.4195
2022-01-07,113.4192
2022-01-10,113.4944
2022-01-11,113.5918
2022-01-12,113.6746
2022-01-13,113.6871
2022-01-14,113.7335
2022-01-17,113.7691
2022-01-18,114.0996
2022-01-19,114.3404
2022-01-20,114.3397
2022-01-21,114.4726
2022-01-24,114.7315
2022-01-25,114.6776
2022-01-26,114.4608
2022-01-27,114.3072
2022-01-28,114.4623
2022-01-29,114.5331
2022-01-30,114.552
2022-02-07,114.3549
2022-02-08,114.4114
2022-02-09,114.3039
2022-02-10,114.3234
2022-02-11,113.8191
2022-02-14,113.7697
2022-02-15,113.7824
2022-02-16,113.7826
2022-02-17,113.8973
2022-02-18,113.7962
2022-02-21,113.4471
2022-02-22,113.4213
2022-02-23,113.5402
2022-02-24,113.6603
2022-02-25,113.6893
2022-02-28,113.774
2022-03-01,113.6083
2022-03-02,113.4685
2022-03-03,113.3286
2022-03-04,113.377
2022-03-07,113.3817
2022-03-08,113.4133
2022-03-09,113.2686
2022-03-10,113.2604
2022-03-11,113.635
2022-03-14,113.9063
2022-03-15,113.4794
2022-03-16,113.542
2022-03-17,113.5578
2022-03-18,113.6113
2022-03-21,113.528
2022-03-22,113.299
2022-03-23,113.3324
2022-03-24,113.4316
2022-03-25,113.4828
2022-03-28,113.5607
2022-03-29,113.5455
2022-03-30,113.6529
2022-03-31,113.5894
2022-04-01,113.6795
2022-04-02,113.7376
2022-04-06,113.7597
2022-04-07,113.9473
2022-04-08,113.9175
2022-04-11,113.822
2022-04-12,113.7802
2022-04-13,113.7847
2022-04-14,113.8569
2022-04-15,113.8525
2022-04-18,113.5136
2022-04-19,113.4962
2022-04-20,113.4431
2022-04-21,113.4816
2022-04-22,113.4832
2022-04-24,113.4733
2022-04-25,113.5957
2022-04-26,113.5887
2022-04-27,113.5288
2022-04-28,113.4273
2022-04-29,113.5033
2022-05-05,113.556
2022-05-06,113.5455
2022-05-07,113.5559
2022-05-09,113.62
2022-05-10,113.6903
2022-05-11,113.6117
2022-05-12,113.6861
2022-05-13,113.6443
2022-05-16,113.5996
2022-05-17,113.6911
2022-05-18,113.774
2022-05-19,113.8024
2022-05-20,113.7205
2022-05-23,113.8247
2022-05-24,113.8858
2022-05-25,113.9882
2022-05-26,114.2747
2022-05-27,114.304
2022-05-30,114.17
2022-05-31,113.9889
2022-06-01,113.9329
2022-06-02,113.8973
2022-06-06,113.8291
2022-06-07,113.8571
2022-06-08,113.8773
2022-06-09,113.9124
2022-06-10,113.9328
2022-06-13,113.881
2022-06-14,113.8047
2022-06-15,113.7684
2022-06-16,113.8007
2022-06-17,113.8287
2022-06-20,113.7336
2022-06-21,113.7138
2022-06-22,113.7376
2022-06-23,113.7312
2022-06-24,113.6418
2022-06-27,113.3614
2022-06-28,113.3074
2022-06-29,113.3032
2022-06-30,113.4279
2022-07-01,113.4741
2022-07-04,113.3483
2022-07-05,113.3265
2022-07-06,113.436
2022-07-07,113.4412
2022-07-08,113.4273
2022-07-11,113.5269
2022-07-12,113.6417
2022-07-13,113.7034
2022-07-14,113.7765
2022-07-15,113.8322
2022-07-18,113.8559
2022-07-19,113.8423
2022-07-20,113.937
2022-07-21,114.0488
2022-07-22,113.9542
2022-07-25,113.9734
2022-07-26,114.0486
2022-07-27,114.0867
2022-07-28,113.9973
2022-07-29,114.2049
2022-08-01,114.375
2022-08-02,114.4481
2022-08-03,114.4343
2022-08-04,114.5535
2022-08-05,114.4621
2022-08-08,114.4061
2022-08-09,114.3557
2022-08-10,114.41
2022-08-11,114.4097
2022-08-12,114.4283
2022-08-15,114.9825
2022-08-16,115.1534
2022-08-17,115.0923
2022-08-18,115.2462
2022-08-19,115.2507
2022-08-22,115.2364
2022-08-23,115.1545
2022-08-24,115.1432
2022-08-25,114.9912
2022-08-26,114.9326
2022-08-29,115.0028
2022-08-30,115.1141
2022-08-31,115.0696
2022-09-01,115.1246
2022-09-02,115.1859
2022-09-05,115.2047
2022-09-06,115.2382
2022-09-07,115.2315
2022-09-08,115.1507
2022-09-09,115.0919
2022-09-13,114.9842
2022-09-14,114.8747
2022-09-15,114.9015
2022-09-16,114.7592
2022-09-19,114.7678
2022-09-20,114.8475
2022-09-21,114.9171
2022-09-22,114.9284
2022-09-23,114.8064
2022-09-26,114.5639
2022-09-27,114.511
2022-09-28,114.3362
2022-09-29,114.2013
2022-09-30,114.1128
2022-10-08,114.0652
2022-10-09,114.2505
2022-10-10,114.2617
2022-10-11,114.3161
2022-10-12,114.2691
2022-10-13,114.3565
2022-10-14,114.5168
2022-10-17,114.5798
2022-10-18,114.5859
2022-10-19,114.6037
2022-10-20,114.5032
2022-10-21,114.464
2022-10-24,114.4998
2022-10-25,114.4721
2022-10-26,114.5534
2022-10-27,114.6981
2022-10-28,114.8477
2022-10-31,115.0254
2022-11-01,114.9107
2022-11-02,114.791
2022-11-03,114.7851
2022-11-04,114.6545
2022-11-07,114.6718
2022-11-08,114.6541
2022-11-09,114.6809
2022-11-10,114.6708
2022-11-11,114.3582
2022-11-14,113.636
2022-11-15,113.6815
2022-11-16,113.5798
2022-11-17,113.7206
2022-11-18,113.6983
2022-11-21,113.7738
2022-11-22,113.728
2022-11-23,113.8781
2022-11-24,114.006
2022-11-25,113.8304
2022-11-28,113.6606
2022-11-29,113.3613
2022-11-30,113.4043
2022-12-01,113.4951
2022-12-02,113.5201
2022-12-05,113.3914
2022-12-06,113.2454
2022-12-07,113.4139
2022-12-08,113.4312
2022-12-09,113.3931
2022-12-12,113.4061
2022-12-13,113.2793
2022-12-14,113.5019
2022-12-15,113.5046
2022-12-16,113.4251
2022-12-19,113.626
2022-12-20,113.596
2022-12-21,113.5844
2022-12-22,113.6754
2022-12-23,113.7438
2022-12-26,113.6953
2022-12-27,113.5548
2022-12-28,113.5513
2022-12-29,113.6287
2022-12-30,113.7032
2022-12-31,113.7012
2023-01-03,113.76
2023-01-04,113.8927
2023-01-05,113.8254
2023-01-06,113.7275
2023-01-09,113.7234
2023-01-10,113.5974
2023-01-11,113.5618
2023-01-12,113.6017
2023-01-13,113.4845
2023-01-16,113.3257
2023-01-17,113.3875
2023-01-18,113.4029
2023-01-19,113.3737
2023-01-20,113.3067
2023-01-28,113.3012
2023-01-29,113.4071
2023-01-30,113.3704
2023-01-31,113.4728
2023-02-01,113.4235
2023-02-02,113.4358
2023-02-03,113.4783
2023-02-06,113.446
2023-02-07,113.4546
2023-02-08,113.4693
2023-02-09,113.482
2023-02-10,113.4881
2023-02-13,113.5052
2023-02-14,113.5057
2023-02-15,113.5112
2023-02-16,113.5528
2023-02-17,113.5595
2023-02-20,113.4681
2023-02-21,113.3952
2023-02-22,113.4566
2023-02-23,113.444
2023-02-24,113.4639
2023-02-27,113.4581
2023-02-28,113.4517
2023-03-01,113.4818
2023-03-02,113.4418
2023-03-03,113.3947
2023-03-06,113.558
2023-03-07,113.5934
2023-03-08,113.6099
2023-03-09,113.6239
2023-03-10,113.6731
2023-03-13,113.6737
2023-03-14,113.6928
2023-03-15,113.6664
2023-03-16,113.7286
2023-03-17,113.7504
2023-03-20,113.783
2023-03-21,113.7597
2023-03-22,113.7169
2023-03-23,113.7094
2023-03-24,113.6473
2023-03-27,113.704
2023-03-28,113.6993
2023-03-29,113.6997
2023-03-30,113.7174
2023-03-31,113.6997
2023-04-03,113.6746
2023-04-04,113.6672
2023-04-06,113.6699
2023-04-07,113.6945
2023-04-10,113.7457
2023-04-11,113.881
2023-04-12,113.9433
2023-04-13,113.917
2023-04-14,113.9106
2023-04-17,113.8253
2023-04-18,113.837
2023-04-19,113.8982
2023-04-20,113.8949
2023-04-21,113.9336
2023-04-23,113.9694
2023-04-24,114.0192
2023-04-25,114.0308
2023-04-26,114.072
2023-04-27,114.2467
2023-04-28,114.271
2023-05-04,114.4308
2023-05-05,114.5545
2023-05-06,114.6031
2023-05-08,114.5133
2023-05-09,114.5325
2023-05-10,114.628
2023-05-11,114.8061
2023-05-12,114.7085
2023-05-15,114.6796
2023-05-16,114.6556
2023-05-17,114.6599
2023-05-18,114.5774
2023-05-19,114.6328
2023-05-22,114.673
2023-05-23,114.8107
2023-05-24,114.8213
2023-05-25,114.7887
2023-05-26,114.7431
2023-05-29,114.7356
2023-05-30,114.7805
2023-05-31,114.8046
2023-06-01,114.9149
2023-06-02,114.8606
2023-06-05,114.8351
2023-06-06,114.8915
2023-06-07,114.9685
2023-06-08,114.956
2023-06-09,115.0635
2023-06-12,115.1358
2023-06-13,115.397
2023-06-14,115.488
2023-06-15,115.2435
2023-06-16,115.021
2023-06-19,114.8716
2023-06-20,114.9224
2023-06-21,115.0109
2023-06-25,115.0814
2023-06-26,115.056
2023-06-27,114.9635
2023-06-28,114.9872
2023-06-29,115.009
2023-06-30,115.1598
2023-07-03,115.1494
2023-07-04,115.1541
2023-07-05,115.1401
2023-07-06,115.1793
2023-07-07,115.1893
2023-07-10,115.1757
2023-07-11,115.2641
2023-07-12,115.2351
2023-07-13,115.2441
2023-07-14,115.1891
2023-07-17,115.2639
2023-07-18,115.369
2023-07-19,115.3944
2023-07-20,115.3865
2023-07-21,115.4963
2023-07-24,115.5742
2023-07-25,115.1996
2023-07-26,115.2747
2023-07-27,115.4165
2023-07-28,115.3574
2023-07-31,115.2304
2023-08-01,115.3099
2023-08-02,115.3246
2023-08-03,115.3959
2023-08-04,115.3824
2023-08-07,115.4045
2023-08-08,115.429
2023-08-09,115.4536
2023-08-10,115.4268
2023-08-11,115.46
2023-08-14,115.608
2023-08-15,115.8269
2023-08-16,115.9792
2023-08-17,115.9513
2023-08-18,115.9845
2023-08-21,116.1548
2023-08-22,116.1197
2023-08-23,116.0935
2023-08-24,116.0989
2023-08-25,116.0229
2023-08-28,115.8131
2023-08-29,115.7684
2023-08-30,115.7972
2023-08-31,115.8652
2023-09-01,115.6797
2023-09-04,115.3843
2023-09-05,115.426
2023-09-06,115.2621
2023-09-07,115.1721
2023-09-08,115.1841
2023-09-11,115.1532
2023-09-12,115.2655
2023-09-13,115.3234
2023-09-14,115.4022
2023-09-15,115.2808
2023-09-18,115.1119
2023-09-19,115.1291
2023-09-20,115.098
2023-09-21,115.1332
2023-09-22,115.0499
2023-09-25,114.896
2023-09-26,114.794
2023-09-27,114.7966
2023-09-28,114.8903
2023-10-07,114.9684
2023-10-08,115.0047
2023-10-09,115.0033
2023-10-10,114.9432
2023-10-11,114.8175
2023-10-12,114.7656
2023-10-13,114.9586
2023-10-16,115.0174
2023-10-17,114.9553
2023-10-18,114.9265
2023-10-19,114.8116
2023-10-20,114.8506
2023-10-23,114.9575
2023-10-24,114.8378
2023-10-25,114.9199
2023-10-26,114.9598
2023-10-27,114.9354
2023-10-30,114.9832
2023-10-31,115.0757
2023-11-01,115.1365
2023-11-02,115.2622
2023-11-03,115.2652
2023-11-06,115.3032
2023-11-07,115.311
2023-11-08,115.2934
2023-11-09,115.3419
2023-11-10,115.3298
2023-11-13,115.3591
2023-11-14,115.3129
2023-11-15,115.2774
2023-11-16,115.3234
2023-11-17,115.3555
2023-11-20,115.3375
2023-11-21,115.3191
2023-11-22,115.2638
2023-11-23,115.1292
2023-11-24,115.1298
2023-11-27,115.0628
2023-11-28,115.1213
2023-11-29,115.1336
2023-11-30,115.2014
2023-12-01,115.1815
2023-12-04,115.1557
2023-12-05,115.1371
2023-12-06,115.1332
2023-12-07,115.1231
2023-12-08,115.1665
2023-12-11,115.2908
2023-12-12,115.2865
2023-12-13,115.411
2023-12-14,115.4124
2023-12-15,115.463
2023-12-18,115.5295
2023-12-19,115.5124
2023-12-20,115.5015
2023-12-21,115.6439
2023-12-22,115.6969
2023-12-25,115.7864
2023-12-26,115.8616
2023-12-27,115.9093
2023-12-28,115.974
2023-12-29,115.9774
2023-12-31,116.024
2024-01-02,115.987
2024-01-03,115.9101
2024-01-04,116.0239
2024-01-05,116.1546
2024-01-08,116.1755
2024-01-09,116.3125
2024-01-10,116.2859
2024-01-11,116.2548
2024-01-12,116.1394
2024-01-15,116.0766
2024-01-16,116.095
2024-01-17,116.1679
2024-01-18,116.2434
2024-01-19,116.2864
2024-01-22,116.3869
2024-01-23,116.3528
2024-01-24,116.3377
2024-01-25,116.3925
2024-01-26,116.4283
2024-01-29,116.4403
2024-01-30,116.7894
2024-01-31,117.0005
2024-02-01,116.9876
2024-02-02,116.9658
2024-02-04,117.1365
2024-02-05,117.1282
2024-02-06,116.7282
2024-02-07,116.9564
2024-02-08,116.9097
2024-02-09,116.8668
2024-02-18,116.894
2024-02-19,116.9031
2024-02-20,117.0237
2024-02-21,117.0668
2024-02-22,117.1344
2024-02-23,117.2997
2024-02-26,117.401
2024-02-27,117.4725
2024-02-28,117.5253
2024-02-29,117.6777
2024-03-01,117.4286
2024-03-04,117.4866
2024-03-05,117.6364
2024-03-06,118.0784
2024-03-07,118.045
2024-03-08,118.0024
2024-03-11,117.8092
2024-03-12,117.4312
2024-03-13,117.4447
2024-03-14,117.4184
2024-03-15,117.4643
2024-03-18,117.6531
2024-03-19,117.7388
2024-03-20,117.6857
2024-03-21,117.6851
2024-03-22,117.6457
2024-03-25,117.5146
2024-03-26,117.493
2024-03-27,117.6116
2024-03-28,117.6412
2024-03-29,117.6871
2024-04-01,117.5653
2024-04-02,117.6532
2024-04-03,117.7824
2024-04-07,117.7476
2024-04-08,117.8252
2024-04-09,117.9139
2024-04-10,117.8253
2024-04-11,117.85
2024-04-12,118.0242
2024-04-15,118.132
2024-04-16,118.133
2024-04-17,118.2048
2024-04-18,118.3129
2024-04-19,118.3835
2024-04-22,118.4769
2024-04-23,118.6424
2024-04-24,118.2831
2024-04-25,118.2824
2024-04-26,117.9623
2024-04-28,117.7925
2024-04-29,117.509
2024-04-30,117.9119
2024-05-06,117.9318
2024-05-07,118.1109
2024-05-08,118.1666
2024-05-09,118.0324
2024-05-10,117.9885
2024-05-11,117.8055
2024-05-13,118.0785
2024-05-14,118.1871
2024-05-15,118.1388
2024-05-16,118.0305
2024-05-17,117.972
2024-05-20,118.0406
2024-05-21,117.9799
2024-05-22,118.0265
2024-05-23,118.1478
2024-05-24,118.1307
2024-05-27,118.0889
2024-05-28,118.1687
2024-05-29,118.2639
2024-05-30,118.2252
2024-05-31,118.0907
2024-06-03,118.1867
2024-06-04,118.2405
2024-06-05,118.3332
2024-06-06,118.3742
2024-06-07,118.3761
2024-06-11,118.4098
2024-06-12,118.4115
2024-06-13,118.4398
2024-06-14,118.489
2024-06-17,118.4809
2024-06-18,118.5646
2024-06-19,118.6414
2024-06-20,118.7059
2024-06-21,118.6011
2024-06-24,118.6667
2024-06-25,118.8114
2024-06-26,118.8542
2024-06-27,119.0113
2024-06-28,119.0793
2024-07-01,118.7874
2024-07-02,118.8688
2024-07-03,119.0002
2024-07-04,119.0173
2024-07-05,118.8628
2024-07-08,118.5501
2024-07-09,118.7468
2024-07-10,118.7647
2024-07-11,118.7948
2024-07-12,118.8945
2024-07-15,118.9497
2024-07-16,118.9798
2024-07-17,119.0053
2024-07-18,118.9375
2024-07-19,118.9632
2024-07-22,119.2131
2024-07-23,119.4059
2024-07-24,119.4637
2024-07-25,119.5409
2024-07-26,119.6847
2024-07-29,119.7958
2024-07-30,119.901
2024-07-31,120.0443
2024-08-01,120.1976
2024-08-02,120.254
2024-08-05,120.2997
2024-08-06,120.2337
2024-08-07,120.3274
2024-08-08,119.9702
2024-08-09,119.7413
2024-08-12,119.1755
2024-08-13,119.3042
2024-08-14,119.639
2024-08-15,119.5681
2024-08-16,119.6123
2024-08-19,119.6889
2024-08-20,119.7353
2024-08-21,119.6878
2024-08-22,119.8358
2024-08-23,119.8543
2024-08-26,119.8688
2024-08-27,119.6048
2024-08-28,119.6591
2024-08-29,119.6812
2024-08-30,119.5901
2024-09-02,119.8531
2024-09-03,119.9335
2024-09-04,120.0303
2024-09-05,120.1424
2024-09-06,120.0856
2024-09-09,120.1839
2024-09-10,120.3215
2024-09-11,120.4787
2024-09-12,120.496
2024-09-13,120.6848
2024-09-14,120.8832
2024-09-18,120.8873
2024-09-19,120.8991
2024-09-20,120.8371
2024-09-23,120.8954
2024-09-24,120.5912
2024-09-25,120.8902
2024-09-26,120.59
2024-09-27,119.6374
2024-09-29,118.9092
2024-09-30,119.5336
2024-10-08,119.2747
2024-10-09,119.3811
2024-10-10,119.7664
2024-10-11,119.8536
2024-10-12,119.8476
2024-10-14,119.8485
2024-10-15,119.9165
2024-10-16,119.9885
2024-10-17,120.0879
2024-10-18,120.1157
2024-10-21,120.0221
2024-10-22,119.8451
2024-10-23,119.7113
2024-10-24,119.727
2024-10-25,119.6575
2024-10-28,119.6257
2024-10-29,119.6496
2024-10-30,119.6735
2024-10-31,119.723
2024-11-01,119.8567
2024-11-04,119.9216
2024-11-05,119.9882
2024-11-06,120.0577
2024-11-07,120.0888
2024-11-08,120.1694
2024-11-11,120.2145
2024-11-12,120.373
2024-11-13,120.4002
2024-11-14,120.3825
2024-11-15,120.4219
2024-11-18,120.292
2024-11-19,120.3231
2024-11-20,120.3609
2024-11-21,120.4601
2024-11-22,120.5303
2024-11-25,120.6237
2024-11-26,120.7077
2024-11-27,120.7345
2024-11-28,120.8042
2024-11-29,120.9452
2024-12-02,121.3036
2024-12-03,121.2884
2024-12-04,121.4877
2024-12-05,121.5466
2024-12-06,121.5833
2024-12-09,121.8367
2024-12-10,122.4249
2024-12-11,122.6048
2024-12-12,122.7247
2024-12-13,123.0967
2024-12-16,123.472
2024-12-17,123.3808
2024-12-18,123.2593
2024-12-19,123.2447
2024-12-20,123.6602
2024-12-23,123.6214
2024-12-24,123.4298
2024-12-25,123.2676
2024-12-26,123.3905
2024-12-27,123.6166
2024-12-30,123.5197
2024-12-31,123.7793
2025-01-02,124.3149
2025-01-03,124.4631
2025-01-06,124.5227
2025-01-07,124.4493
2025-01-08,124.4568
2025-01-09,124.1598
2025-01-10,124.2388
2025-01-13,124.0307
2025-01-14,124.1834
2025-01-15,124.2937
2025-01-16,124.1899
2025-01-17,124.0781
2025-01-20,123.9467
2025-01-21,124.0853
2025-01-22,124.1034
2025-01-23,123.9984
2025-01-24,123.9156
2025-01-26,123.9746
2025-01-27,124.1767
2025-02-05,124.2608
2025-02-06,124.3942
2025-02-07,124.4322
2025-02-08,124.3858
2025-02-10,124.2169
2025-02-11,124.2113
2025-02-12,124.2041
2025-02-13,124.1524
2025-02-14,123.9809
2025-02-17,123.6874
2025-02-18,123.4887
2025-02-19,123.5553
2025-02-20,123.3885
2025-02-21,123.0746
2025-02-24,122.696
2025-02-25,122.8672
2025-02-26,122.9709
2025-02-27,122.7299
2025-02-28,122.9164
2025-03-03,123.0968
2025-03-04,123.1264
2025-03-05,123.1341
2025-03-06,122.8403
2025-03-07,122.3101
2025-03-10,122.1793
2025-03-11,121.5736
2025-03-12,121.9088
2025-03-13,121.8257
2025-03-14,121.8961
2025-03-17,121.3832
2025-03-18,121.4644
2025-03-19,121.4866
2025-03-20,121.8763
2025-03-21,121.852
2025-03-24,121.8235
2025-03-25,122.0485
2025-03-26,122.22
2025-03-27,122.2012
2025-03-28,122.1762
2025-03-31,122.1429
2025-04-01,122.1734
2025-04-02,122.321
2025-04-03,123.0344
2025-04-07,123.6909
2025-04-08,123.4007
2025-04-09,123.5073
2025-04-10,123.4626
2025-04-11,123.5336
2025-04-14,123.4136
2025-04-15,123.4784
2025-04-16,123.6551
2025-04-17,123.6218
2025-04-18,123.5925
2025-04-21,123.4825
2025-04-22,123.5243
2025-04-23,123.3972
2025-04-24,123.4148
2025-04-25,123.4061
2025-04-27,123.3952
2025-04-28,123.4845
2025-04-29,123.662
2025-04-30,123.7011
2025-05-06,123.7163
2025-05-07,123.6662
2025-05-08,123.7163
2025-05-09,123.7715
2025-05-12,123.2919
2025-05-13,123.3906
2025-05-14,123.3654
2025-05-15,123.309
2025-05-16,123.2117
2025-05-19,123.3248
2025-05-20,123.3953
2025-05-21,123.3525
2025-05-22,123.3271
2025-05-23,123.2795
2025-05-26,123.3587
2025-05-27,123.3147
2025-05-28,123.2522
2025-05-29,123.0881
2025-05-30,123.2801
2025-06-03,123.2748
2025-06-04,123.2988
2025-06-05,123.3364
2025-06-06,123.4396
2025-06-09,123.5132
2025-06-10,123.5174
2025-06-11,123.5655
2025-06-12,123.5658
2025-06-13,123.5496
2025-06-16,123.5678
2025-06-17,123.6003
2025-06-18,123.6447
2025-06-19,123.6816
2025-06-20,123.6815
2025-06-23,123.6845
2025-06-24,123.6061
2025-06-25,123.5456
2025-06-26,123.5013
2025-06-27,123.5452
2025-06-30,123.5027
2025-07-01,123.5604
2025-07-02,123.69
2025-07-03,123.7217
2025-07-04,123.73
2025-07-07,123.7389
2025-07-08,123.6681
2025-07-09,123.6511
2025-07-10,123.5754
2025-07-11,123.4573
2025-07-14,123.3809
2025-07-15,123.5143
2025-07-16,123.5445
2025-07-17,123.5372
2025-07-18,123.4859
2025-07-21,123.3711
2025-07-22,123.3072
2025-07-23,123.0613
2025-07-24,122.8585
2025-07-25,122.8153
2025-07-28,122.9395
2025-07-29,122.7172
2025-07-30,122.8852
2025-07-31,123.0465
2025-08-01,123.0578
2025-08-04,123.1497
2025-08-05,123.0987
2025-08-06,123.1615
2025-08-07,123.2399
2025-08-08,123.2492
2025-08-11,123.1016
2025-08-12,122.9455
2025-08-13,122.961
2025-08-14,122.9142
2025-08-15,122.8386
2025-08-18,122.4656
2025-08-19,122.464
2025-08-20,122.4643
2025-08-21,122.4538
2025-08-22,122.4339
2025-08-25,122.5162
2025-08-26,122.5441
2025-08-27,122.5359
2025-08-28,122.3811
2025-08-29,122.3554
2025-09-01,122.4135
2025-09-02,122.4769
2025-09-03,122.6084
2025-09-04,122.7072
2025-09-05,122.5032
2025-09-08,122.3226
2025-09-09,122.2398
2025-09-10,122.0016
2025-09-11,122.0809
2025-09-12,122.1846
2025-09-15,122.2439
2025-09-16,122.3468
2025-09-17,122.4944
2025-09-18,122.4011
2025-09-19,122.2178
2025-09-22,122.246
2025-09-23,122.1874
2025-09-24,121.9863
2025-09-25,121.9528
2025-09-26,121.9949
2025-09-28,122.0621
2025-09-29,122.0222
2025-09-30,122.1672
2025-10-09,122.3024
2025-10-10,122.3693
2025-10-11,122.5736
2025-10-13,122.4972
2025-10-14,122.4668
2025-10-15,122.5051
2025-10-16,122.4818
2025-10-17,122.5868
2025-10-20,122.4993
2025-10-21,122.4544
2025-10-22,122.4993
2025-10-23,122.4652
2025-10-24,122.3718
2025-10-27,122.3653
2025-10-28,122.6601
2025-10-29,122.6407
2025-10-30,122.7014
2025-10-31,122.8424
2025-11-03,122.8694
2025-11-04,122.8581
2025-11-05,122.908
2025-11-06,122.8127
2025-11-07,122.7515
2025-11-10,122.7004
2025-11-11,122.7278
2025-11-12,122.7488
2025-11-13,122.6973
2025-11-14,122.6955
2025-11-17,122.7039
2025-11-18,122.7156
2025-11-19,122.6693
2025-11-20,122.6687
2025-11-21,122.6852
2025-11-24,122.6642
2025-11-25,122.6325
2025-11-26,122.4873
2025-11-27,122.3928
2025-11-28,122.3596
2025-12-01,122.4072
2025-12-02,122.4013
2025-12-03,122.3611
2025-12-04,122.1493
2025-12-05,122.2023
2025-12-08,122.2151
2025-12-09,122.2897
2025-12-10,122.2699
2025-12-11,122.3655
2025-12-12,122.3258
2025-12-15,122.192
2025-12-16,122.1561
2025-12-17,122.2548
2025-12-18,122.323
2025-12-19,122.3793
2025-12-22,122.3402
2025-12-23,122.3662
2025-12-24,122.4383
2025-12-25,122.4148
2025-12-26,122.408
2025-12-29,122.185
2025-12-30,122.124
2025-12-31,122.1349
2026-01-04,122.1975
2026-01-05,122.1183
2026-01-06,121.947
2026-01-07,121.8285
2026-01-08,121.9266
2026-01-09,121.9647
2026-01-12,122.0659
2026-01-13,122.1399
2026-01-14,122.2203
2026-01-15,122.3353
2026-01-16,122.3775
2026-01-19,122.4486
2026-01-20,122.4921
2026-01-21,122.5357
2026-01-22,122.5425
2026-01-23,122.552
2026-01-26,122.6067
2026-01-27,122.6114
2026-01-28,122.6587
2026-01-29,122.735
2026-01-30,122.7364
2026-02-02,122.7691
2026-02-03,122.6798
2026-02-04,122.6933
2026-02-05,122.7223
2026-02-06,122.8175
2026-02-09,122.8551
2026-02-10,122.8876
2026-02-11,122.9487
2026-02-12,123.0156
2026-02-13,123.0464
2026-02-14,122.9725
2026-02-24,122.9673
2026-02-25,122.8964
2026-02-26,122.7429
2026-02-27,122.7457
2026-02-28,122.8733
2026-03-02,122.8662
2026-03-03,122.9129
2026-03-04,122.91
2026-03-05,122.9818
2026-03-06,122.9501
2026-03-09,122.7748
2026-03-10,122.7506
2026-03-11,122.7237
2026-03-12,122.6915
2026-03-13,122.7211
2026-03-16,122.5971
2026-03-17,122.5967
2026-03-18,122.6463
2026-03-19,122.6746
2026-03-20,122.7083
2026-03-23,122.6472
2026-03-24,122.6649
2026-03-25,122.6936
2026-03-26,122.7066
2026-03-27,122.7542
2026-03-30,122.8297
2026-03-31,122.8601
2026-04-01,122.805
2026-04-02,122.736
2026-04-03,122.7585
2026-04-07,122.7909
2026-04-08,122.7866
2026-04-09,122.8339
2026-04-10,122.8386
2026-04-13,122.9307
2026-04-14,123.0164
2026-04-15,123.0554
2026-04-16,123.0979
2026-04-17,123.1613
2026-04-20,123.2378
2026-04-21,123.2446
2026-04-22,123.3627
2026-04-23,123.3189
2026-04-24,123.2308
2026-04-27,123.101
2026-04-28,123.1106
2026-04-29,123.2294
2026-04-30,123.2218
2026-05-06,123.1478
2026-05-07,123.1235
2026-05-08,123.1703
2026-05-09,123.1707
2026-05-11,123.1749
2026-05-12,123.2432
2026-05-13,123.2685
2026-05-14,123.2988
2026-05-15,123.2654
2026-05-18,123.2773
2026-05-19,123.3837
2026-05-20,123.447
2026-05-21,123.458
2026-05-22,123.3949
2026-05-25,123.3926
2026-05-26,123.4371
2026-05-27,123.5663
2026-05-28,123.6747
2026-05-29,123.7006
2026-06-01,123.8237
2026-06-02,123.8504
2026-06-03,123.8513
2026-06-04,123.8208
2026-06-05,123.8399
2026-06-08,123.7374
2026-06-09,123.668
2026-06-10,123.5393
2026-06-11,123.4459
2026-06-12,123.432
2026-06-15,123.4489
2026-06-16,123.5237
2026-06-17,123.6076
2026-06-18,123.6585
2026-06-22,123.6464
2026-06-23,123.6163
2026-06-24,123.5906
2026-06-25,123.6345
2026-06-26,123.6813
2026-06-29,123.8026
2026-06-30,123.7951
2026-07-01,123.6494
2026-07-02,123.6289
2026-07-03,123.6387
2026-07-06,123.692
2026-07-07,123.7197
2026-07-08,123.7156
2026-07-09,123.7796
2026-07-10,123.7577
2026-07-13,123.7646
2026-07-14,123.721
2026-07-15,123.7722
2026-07-16,123.7593
2026-07-17,123.7473
2026-07-20,123.7679
2026-07-21,123.7504
2026-07-22,123.844
2026-07-23,123.909
2026-07-24,123.8758
2026-07-27,123.9103
2026-07-28,123.8947
2026-07-29,123.896
2026-07-30,123.9586
2026-07-31,124.0416
2026-08-03,124.1068
2026-08-04,124.0924
2026-08-05,124.1381
2026-08-06,124.1134
2026-08-07,124.1204
2026-08-10,124.1733
2026-08-11,124.1867
2026-08-12,124.1369
2026-08-13,124.2117
2026-08-14,124.2841
2026-08-17,124.3565
2026-08-18,124.3932
2026-08-19,124.4075
2026-08-20,124.3497
2026-08-21,124.3203
2026-08-24,124.4005
2026-08-25,124.3779
2026-08-26,124.3108
2026-08-27,124.203
2026-08-28,124.222
2026-08-31,124.252
2026-09-01,124.3125
2026-09-02,124.2916
2026-09-03,124.3659
2026-09-04,124.3546
2026-09-07,124.3751
2026-09-08,124.3445
2026-09-09,124.3601
2026-09-10,124.3535
2026-09-11,124.2929
2026-09-14,124.3048
2026-09-15,124.3435
2026-09-16,124.3751
