date,DR001
2010-12-31,4.56
2011-01-04,2.94
2011-01-05,2.6
2011-01-06,2.17
2011-01-07,2.11
2011-01-10,2.0
2011-01-11,1.97
2011-01-12,2.0
2011-01-13,1.92
2011-01-14,1.93
2011-01-17,1.93
2011-01-18,2.0
2011-01-19,2.7
2011-01-20,5.6
2011-01-21,5.79
2011-01-24,7.31
2011-01-25,7.3
2011-01-26,7.7
2011-01-27,8.1
2011-01-28,7.73
2011-01-30,4.5
2011-01-31,4.88
2011-02-01,3.37
2011-02-09,3.9
2011-02-10,2.88
2011-02-11,2.89
2011-02-12,2.6
2011-02-14,2.31
2011-02-15,2.31
2011-02-16,2.3
2011-02-17,2.2
2011-02-18,2.1
2011-02-21,2.1
2011-02-22,2.0
2011-02-23,2.0
2011-02-24,2.3
2011-02-25,2.65
2011-02-28,2.4
2011-03-01,2.2
2011-03-02,2.03
2011-03-03,1.97
2011-03-04,1.9
2011-03-07,1.8
2011-03-08,1.75
2011-03-09,1.55
2011-03-10,1.75
2011-03-11,1.7
2011-03-14,1.65
2011-03-15,1.6
2011-03-16,1.69
2011-03-17,1.6
2011-03-18,1.68
2011-03-21,1.93
2011-03-22,1.93
2011-03-23,1.91
2011-03-24,1.89
2011-03-25,1.9
2011-03-28,1.79
2011-03-29,1.79
2011-03-30,1.8
2011-03-31,1.9
2011-04-01,1.82
2011-04-02,1.78
2011-04-06,1.79
2011-04-07,1.78
2011-04-08,1.76
2011-04-11,1.8
2011-04-12,1.75
2011-04-13,1.74
2011-04-14,1.7
2011-04-15,1.73
2011-04-18,1.77
2011-04-19,1.77
2011-04-20,1.77
2011-04-21,3.6
2011-04-22,3.09
2011-04-25,2.74
2011-04-26,2.69
2011-04-27,2.04
2011-04-28,2.04
2011-04-29,2.5
2011-05-03,2.57
2011-05-04,2.53
2011-05-05,2.0
2011-05-06,2.01
2011-05-09,2.2
2011-05-10,2.15
2011-05-11,2.11
2011-05-12,2.11
2011-05-13,2.1
2011-05-16,2.11
2011-05-17,2.12
2011-05-18,3.17
2011-05-19,3.56
2011-05-20,4.02
2011-05-23,4.05
2011-05-24,4.46
2011-05-25,5.0
2011-05-26,4.82
2011-05-27,2.82
2011-05-30,2.57
2011-05-31,3.9
2011-06-01,3.15
2011-06-02,2.85
2011-06-03,2.54
2011-06-07,3.0
2011-06-08,3.7
2011-06-09,3.81
2011-06-10,3.82
2011-06-13,3.82
2011-06-14,3.52
2011-06-15,4.0
2011-06-16,4.0
2011-06-17,4.0
2011-06-20,6.92
2011-06-21,7.16
2011-06-22,7.47
2011-06-23,7.33
2011-06-24,6.0
2011-06-27,6.12
2011-06-28,5.05
2011-06-29,5.05
2011-06-30,5.02
2011-07-01,4.73
2011-07-04,2.86
2011-07-05,5.8
2011-07-06,6.04
2011-07-07,4.83
2011-07-08,5.0
2011-07-11,4.03
2011-07-12,2.47
2011-07-13,3.5
2011-07-14,4.3
2011-07-15,3.88
2011-07-18,3.67
2011-07-19,4.5
2011-07-20,4.8
2011-07-21,5.47
2011-07-22,5.33
2011-07-25,5.1555
2011-07-26,4.64
2011-07-27,4.17
2011-07-28,3.66
2011-07-29,3.6
2011-08-01,3.04
2011-08-02,2.7
2011-08-03,2.8253
2011-08-04,2.85
2011-08-05,2.83
2011-08-08,2.74
2011-08-09,2.85
2011-08-10,2.6
2011-08-11,2.76
2011-08-12,2.8
2011-08-15,2.87
2011-08-16,2.99
2011-08-17,3.06
2011-08-18,3.52
2011-08-19,3.72
2011-08-22,4.05
2011-08-23,4.0
2011-08-24,3.77
2011-08-25,3.34
2011-08-26,3.24
2011-08-29,3.2
2011-08-30,3.42
2011-08-31,3.36
2011-09-01,3.41
2011-09-02,3.47
2011-09-05,3.6
2011-09-06,3.0
2011-09-07,3.06
2011-09-08,3.12
2011-09-09,2.95
2011-09-13,2.96
2011-09-14,2.97
2011-09-15,3.3
2011-09-16,3.2
2011-09-19,3.47
2011-09-20,3.8
2011-09-21,3.74
2011-09-22,3.5
2011-09-23,3.28
2011-09-26,3.1
2011-09-27,4.06
2011-09-28,3.9
2011-09-29,3.88
2011-09-30,4.8654
2011-10-08,4.87
2011-10-09,4.57
2011-10-10,3.82
2011-10-11,3.45
2011-10-12,2.95
2011-10-13,2.97
2011-10-14,2.79
2011-10-17,2.82
2011-10-18,2.85
2011-10-19,2.9
2011-10-20,3.05
2011-10-21,3.07
2011-10-24,3.07
2011-10-25,3.6
2011-10-26,4.01
2011-10-27,4.3
2011-10-28,4.0
2011-10-31,4.71
2011-11-01,3.2
2011-11-02,3.11
2011-11-03,2.5
2011-11-04,3.1
2011-11-07,3.05
2011-11-08,3.12
2011-11-09,3.12
2011-11-10,3.4
2011-11-11,2.83
2011-11-14,2.95
2011-11-15,2.92
2011-11-16,2.93
2011-11-17,3.24
2011-11-18,3.42
2011-11-21,3.65
2011-11-22,3.85
2011-11-23,3.05
2011-11-24,3.95
2011-11-25,4.03
2011-11-28,3.72
2011-11-29,3.42
2011-11-30,3.43
2011-12-01,2.94
2011-12-02,3.0
2011-12-05,2.72
2011-12-06,2.85
2011-12-07,2.87
2011-12-08,2.87
2011-12-09,2.9
2011-12-12,2.95
2011-12-13,2.91
2011-12-14,2.93
2011-12-15,2.95
2011-12-16,2.9
2011-12-19,2.88
2011-12-20,2.9
2011-12-21,2.91
2011-12-22,2.94
2011-12-23,2.94
2011-12-26,3.0
2011-12-27,3.08
2011-12-28,3.42
2011-12-29,3.42
2011-12-30,3.41
2011-12-31,5.04
2012-01-04,3.5
2012-01-05,4.0
2012-01-06,4.0
2012-01-09,4.0
2012-01-10,3.72
2012-01-11,3.25
2012-01-12,3.48
2012-01-13,4.8
2012-01-16,7.5
2012-01-17,7.52
2012-01-18,7.0
2012-01-19,6.49
2012-01-20,3.46
2012-01-21,3.49
2012-01-29,3.3
2012-01-30,2.86
2012-01-31,2.97
2012-02-01,2.97
2012-02-02,2.97
2012-02-03,2.6
2012-02-06,2.79
2012-02-07,2.78
2012-02-08,2.77
2012-02-09,2.7
2012-02-10,2.69
2012-02-13,2.7
2012-02-14,3.01
2012-02-15,3.05
2012-02-16,3.61
2012-02-17,4.75
2012-02-20,4.82
2012-02-21,4.8
2012-02-22,4.96
2012-02-23,5.25
2012-02-24,2.8
2012-02-27,3.02
2012-02-28,2.69
2012-02-29,2.6
2012-03-01,2.51
2012-03-02,2.54
2012-03-05,2.46
2012-03-06,2.33
2012-03-07,2.33
2012-03-08,2.33
2012-03-09,2.32
2012-03-12,2.32
2012-03-13,2.28
2012-03-14,2.32
2012-03-15,2.35
2012-03-16,2.39
2012-03-19,2.4
2012-03-20,2.5
2012-03-21,2.55
2012-03-22,2.7
2012-03-23,2.4
2012-03-26,2.5
2012-03-27,2.55
2012-03-28,2.2
2012-03-29,2.6
2012-03-30,2.68
2012-03-31,2.68
2012-04-01,2.64
2012-04-05,3.03
2012-04-06,3.25
2012-04-09,2.94
2012-04-10,3.0
2012-04-11,3.0
2012-04-12,3.05
2012-04-13,3.5
2012-04-16,3.29
2012-04-17,3.01
2012-04-18,3.0
2012-04-19,3.2
2012-04-20,2.8
2012-04-23,3.28
2012-04-24,3.22
2012-04-25,3.47
2012-04-26,3.45
2012-04-27,3.29
2012-04-28,2.8
2012-05-02,2.85
2012-05-03,2.96
2012-05-04,2.97
2012-05-07,2.96
2012-05-08,2.3
2012-05-09,2.4
2012-05-10,2.32
2012-05-11,2.29
2012-05-14,2.1
2012-05-15,1.87
2012-05-16,1.836
2012-05-17,1.81
2012-05-18,1.8
2012-05-21,1.82
2012-05-22,1.83
2012-05-23,1.85
2012-05-24,1.89
2012-05-25,1.91
2012-05-28,1.92
2012-05-29,1.91
2012-05-30,1.91
2012-05-31,1.884
2012-06-01,1.9
2012-06-04,1.92
2012-06-05,2.02
2012-06-06,2.21
2012-06-07,2.4
2012-06-08,2.41
2012-06-11,2.32
2012-06-12,2.4
2012-06-13,2.5
2012-06-14,2.55
2012-06-15,2.57
2012-06-18,2.554
2012-06-19,2.7
2012-06-20,3.31
2012-06-21,3.63
2012-06-25,3.8
2012-06-26,3.91
2012-06-27,3.5
2012-06-28,3.57
2012-06-29,4.0
2012-07-02,3.62
2012-07-03,3.25
2012-07-04,2.63
2012-07-05,2.61
2012-07-06,2.1
2012-07-09,2.4
2012-07-10,2.34
2012-07-11,2.36
2012-07-12,2.4
2012-07-13,2.49
2012-07-16,2.47
2012-07-17,2.64
2012-07-18,3.05
2012-07-19,3.01
2012-07-20,3.15
2012-07-23,3.37
2012-07-24,2.97
2012-07-25,2.6
2012-07-26,2.66
2012-07-27,2.6
2012-07-30,2.53
2012-07-31,2.6
2012-08-01,2.62
2012-08-02,2.55
2012-08-03,2.51
2012-08-06,2.49
2012-08-07,2.54
2012-08-08,2.556
2012-08-09,2.6
2012-08-10,2.66
2012-08-13,2.44
2012-08-14,2.69
2012-08-15,3.14
2012-08-16,3.13
2012-08-17,3.22
2012-08-20,3.38
2012-08-21,3.5
2012-08-22,3.09
2012-08-23,2.97
2012-08-24,2.7
2012-08-27,2.7
2012-08-28,2.7
2012-08-29,2.6
2012-08-30,2.39
2012-08-31,2.07
2012-09-03,2.06
2012-09-04,2.05
2012-09-05,2.5
2012-09-06,2.14
2012-09-07,2.14
2012-09-10,2.31
2012-09-11,2.3
2012-09-12,2.6
2012-09-13,2.69
2012-09-14,2.68
2012-09-17,3.0
2012-09-18,4.0
2012-09-19,3.52
2012-09-20,4.0
2012-09-21,2.4
2012-09-24,4.34
2012-09-25,3.8
2012-09-26,2.99
2012-09-27,3.0
2012-09-28,2.5
2012-09-29,3.38
2012-10-08,3.73
2012-10-09,2.3
2012-10-10,2.3
2012-10-11,2.43
2012-10-12,2.5
2012-10-15,2.05
2012-10-16,2.22
2012-10-17,2.22
2012-10-18,2.2
2012-10-19,2.2
2012-10-22,2.25
2012-10-23,2.4
2012-10-24,2.85
2012-10-25,3.0
2012-10-26,3.47
2012-10-29,4.48
2012-10-30,3.08
2012-10-31,2.95
2012-11-01,3.05
2012-11-02,2.66
2012-11-05,2.7
2012-11-06,2.53
2012-11-07,2.57
2012-11-08,2.58
2012-11-09,2.62
2012-11-12,2.52
2012-11-13,2.35
2012-11-14,2.3
2012-11-15,2.27
2012-11-16,2.28
2012-11-19,2.16
2012-11-20,2.25
2012-11-21,2.1
2012-11-22,2.32
2012-11-23,2.28
2012-11-26,2.35
2012-11-27,2.32
2012-11-28,2.32
2012-11-29,2.35
2012-11-30,2.26
2012-12-03,2.26
2012-12-04,2.36
2012-12-05,2.25
2012-12-06,2.3
2012-12-07,2.25
2012-12-10,2.25
2012-12-11,2.25
2012-12-12,2.26
2012-12-13,2.58
2012-12-14,2.26
2012-12-17,2.26
2012-12-18,2.29
2012-12-19,2.4
2012-12-20,2.65
2012-12-21,2.42
2012-12-24,2.3
2012-12-25,2.5
2012-12-26,2.3
2012-12-27,2.09
2012-12-28,2.3
2012-12-31,3.86
2013-01-04,2.44
2013-01-05,2.2
2013-01-06,2.19
2013-01-07,2.12
2013-01-08,1.62
2013-01-09,2.09
2013-01-10,1.98
2013-01-11,2.03
2013-01-14,2.04
2013-01-15,2.07
2013-01-16,2.04
2013-01-17,2.0
2013-01-18,2.05
2013-01-21,1.94
2013-01-22,1.93
2013-01-23,2.3
2013-01-24,2.1
2013-01-25,2.1
2013-01-28,2.09
2013-01-29,2.2
2013-01-30,2.11
2013-01-31,2.31
2013-02-01,2.69
2013-02-04,2.8
2013-02-05,3.27
2013-02-06,3.6328
2013-02-07,3.65
2013-02-08,2.41
2013-02-16,1.94
2013-02-17,1.87
2013-02-18,1.75
2013-02-19,2.3
2013-02-20,1.89
2013-02-21,2.03
2013-02-22,2.2
2013-02-25,2.51
2013-02-26,4.8
2013-02-27,3.96
2013-02-28,4.0
2013-03-01,4.15
2013-03-04,3.29
2013-03-05,3.01
2013-03-06,2.85
2013-03-07,2.1
2013-03-08,2.1
2013-03-11,2.25
2013-03-12,2.09
2013-03-13,2.06
2013-03-14,2.1
2013-03-15,1.7
2013-03-18,2.0
2013-03-19,2.2
2013-03-20,2.03
2013-03-21,1.92
2013-03-22,1.73
2013-03-25,1.7
2013-03-26,1.64
2013-03-27,1.73
2013-03-28,1.75
2013-03-29,2.7
2013-04-01,2.0
2013-04-02,2.02
2013-04-03,2.08
2013-04-07,2.04
2013-04-08,1.8
2013-04-09,2.5
2013-04-10,2.13
2013-04-11,2.07
2013-04-12,2.02
2013-04-15,2.05
2013-04-16,2.01
2013-04-17,2.01
2013-04-18,2.22
2013-04-19,2.6
2013-04-22,2.68
2013-04-23,3.03
2013-04-24,2.5
2013-04-25,4.4
2013-04-26,3.004
2013-04-27,2.98
2013-04-28,2.81
2013-05-02,2.8
2013-05-03,2.1
2013-05-06,2.79
2013-05-07,2.362
2013-05-08,2.11
2013-05-09,2.11
2013-05-10,2.14
2013-05-13,2.16
2013-05-14,2.24
2013-05-15,2.25
2013-05-16,2.72
2013-05-17,2.88
2013-05-20,3.31
2013-05-21,3.42
2013-05-22,3.47
2013-05-23,3.9
2013-05-24,3.0
2013-05-27,3.57
2013-05-28,3.35
2013-05-29,3.05
2013-05-30,3.4
2013-05-31,4.6
2013-06-03,4.62
2013-06-04,4.44
2013-06-05,4.74
2013-06-06,8.0
2013-06-07,8.62
2013-06-08,9.81
2013-06-09,4.5
2013-06-13,7.3
2013-06-14,4.0
2013-06-17,4.8
2013-06-18,5.7
2013-06-19,7.87
2013-06-20,4.31
2013-06-21,8.89
2013-06-24,6.65
2013-06-25,5.83
2013-06-26,5.55
2013-06-27,3.5
2013-06-28,4.86
2013-07-01,3.5
2013-07-02,4.0
2013-07-03,3.07
2013-07-04,3.31
2013-07-05,3.38
2013-07-08,3.2
2013-07-09,3.0
2013-07-10,3.26
2013-07-11,3.36
2013-07-12,3.3
2013-07-15,3.3
2013-07-16,3.0
2013-07-17,2.97
2013-07-18,3.014
2013-07-19,3.05
2013-07-22,3.4
2013-07-23,3.5
2013-07-24,3.3
2013-07-25,3.4
2013-07-26,3.7
2013-07-29,3.77
2013-07-30,3.66
2013-07-31,3.73
2013-08-01,3.55
2013-08-02,3.0
2013-08-05,3.45
2013-08-06,2.9
2013-08-07,3.3
2013-08-08,3.18
2013-08-09,2.92
2013-08-12,3.0
2013-08-13,3.24
2013-08-14,3.0
2013-08-15,3.31
2013-08-16,3.26
2013-08-19,3.47
2013-08-20,3.92
2013-08-21,3.9
2013-08-22,3.4
2013-08-23,3.0
2013-08-26,3.05
2013-08-27,3.1
2013-08-28,3.1
2013-08-29,2.8
2013-08-30,3.04
2013-09-02,3.01
2013-09-03,3.0
2013-09-04,2.7
2013-09-05,2.8
2013-09-06,2.95
2013-09-09,2.92
2013-09-10,2.91
2013-09-11,3.02
2013-09-12,2.97
2013-09-13,2.98
2013-09-16,3.1
2013-09-17,3.51
2013-09-18,3.57
2013-09-22,3.58
2013-09-23,4.16
2013-09-24,3.84
2013-09-25,3.9
2013-09-26,3.11
2013-09-27,3.05
2013-09-29,3.11
2013-09-30,4.0
2013-10-08,3.09
2013-10-09,3.29
2013-10-10,3.33
2013-10-11,2.99
2013-10-12,3.01
2013-10-14,3.12
2013-10-15,3.32
2013-10-16,2.91
2013-10-17,3.03
2013-10-18,2.5
2013-10-21,3.04
2013-10-22,3.08
2013-10-23,3.8
2013-10-24,4.22
2013-10-25,4.65
2013-10-28,4.56
2013-10-29,4.6
2013-10-30,5.3
2013-10-31,4.4
2013-11-01,4.28
2013-11-04,4.1
2013-11-05,3.92
2013-11-06,3.66
2013-11-07,3.74
2013-11-08,3.2
2013-11-11,3.61
2013-11-12,3.34
2013-11-13,3.35
2013-11-14,4.3
2013-11-15,4.53
2013-11-18,4.6
2013-11-19,3.93
2013-11-20,4.1
2013-11-21,4.5
2013-11-22,3.95
2013-11-25,3.9
2013-11-26,3.79
2013-11-27,3.8
2013-11-28,3.7
2013-11-29,3.76
2013-12-02,3.79
2013-12-03,3.73
2013-12-04,3.0
2013-12-05,3.2
2013-12-06,3.66
2013-12-09,3.6
2013-12-10,3.0
2013-12-11,3.5
2013-12-12,3.46
2013-12-13,3.4
2013-12-16,3.6
2013-12-17,3.6
2013-12-18,3.82
2013-12-19,7.0
2013-12-20,4.91
2013-12-23,4.0
2013-12-24,4.3
2013-12-25,3.5
2013-12-26,3.5
2013-12-27,3.8
2013-12-30,3.18
2013-12-31,3.21
2014-01-02,3.1
2014-01-03,3.22
2014-01-06,2.9
2014-01-07,3.0
2014-01-08,2.8
2014-01-09,2.76
2014-01-10,2.73
2014-01-13,2.73
2014-01-14,2.75
2014-01-15,2.76
2014-01-16,2.79
2014-01-17,3.5
2014-01-20,4.33
2014-01-21,3.66
2014-01-22,3.69
2014-01-23,3.71
2014-01-24,3.83
2014-01-26,4.44
2014-01-27,4.8
2014-01-28,5.17
2014-01-29,4.0
2014-01-30,3.0
2014-02-07,4.26
2014-02-08,3.5
2014-02-10,4.28
2014-02-11,3.8
2014-02-12,3.0
2014-02-13,3.4
2014-02-14,2.4
2014-02-17,2.5
2014-02-18,2.69
2014-02-19,2.1
2014-02-20,2.2
2014-02-21,1.69
2014-02-24,1.64
2014-02-25,1.72
2014-02-26,1.76
2014-02-27,1.69
2014-02-28,1.84
2014-03-03,2.06
2014-03-04,2.06
2014-03-05,2.06
2014-03-06,2.02
2014-03-07,1.75
2014-03-10,1.87
2014-03-11,1.83
2014-03-12,1.6
2014-03-13,1.8
2014-03-14,1.84
2014-03-17,2.16
2014-03-18,2.06
2014-03-19,2.82
2014-03-20,2.5
2014-03-21,2.78
2014-03-24,2.48
2014-03-25,2.6
2014-03-26,2.51
2014-03-27,2.65
2014-03-28,2.74
2014-03-31,2.81
2014-04-01,2.8
2014-04-02,2.95
2014-04-03,2.94
2014-04-04,2.75
2014-04-08,2.73
2014-04-09,2.74
2014-04-10,2.75
2014-04-11,2.73
2014-04-14,2.62
2014-04-15,2.4
2014-04-16,2.27
2014-04-17,2.36
2014-04-18,1.98
2014-04-21,1.98
2014-04-22,1.95
2014-04-23,1.99
2014-04-24,2.33
2014-04-25,2.33
2014-04-28,2.44
2014-04-29,2.3
2014-04-30,2.47
2014-05-04,2.37
2014-05-05,2.68
2014-05-06,2.67
2014-05-07,2.37
2014-05-08,2.22
2014-05-09,2.4
2014-05-12,2.22
2014-05-13,2.35
2014-05-14,2.37
2014-05-15,2.35
2014-05-16,2.36
2014-05-19,2.42
2014-05-20,2.75
2014-05-21,2.5
2014-05-22,2.52
2014-05-23,2.53
2014-05-26,2.52
2014-05-27,2.54
2014-05-28,2.51
2014-05-29,2.51
2014-05-30,2.58
2014-06-03,2.54
2014-06-04,2.57
2014-06-05,2.56
2014-06-06,2.6
2014-06-09,2.59
2014-06-10,3.0
2014-06-11,2.61
2014-06-12,3.0
2014-06-13,2.61
2014-06-16,2.9097
2014-06-17,2.62
2014-06-18,2.7
2014-06-19,2.74
2014-06-20,3.08
2014-06-23,2.77
2014-06-24,3.3
2014-06-25,3.0
2014-06-26,2.97
2014-06-27,2.89
2014-06-30,2.93
2014-07-01,3.3
2014-07-02,3.02
2014-07-03,2.97
2014-07-04,3.1
2014-07-07,2.98
2014-07-08,3.28
2014-07-09,3.38
2014-07-10,3.32
2014-07-11,3.42
2014-07-14,3.4
2014-07-15,3.25
2014-07-16,3.27
2014-07-17,3.3
2014-07-18,3.58
2014-07-21,3.3
2014-07-22,3.1
2014-07-23,3.3
2014-07-24,3.85
2014-07-25,3.0
2014-07-28,3.33
2014-07-29,3.27
2014-07-30,3.27
2014-07-31,3.3
2014-08-01,3.2
2014-08-04,3.18
2014-08-05,3.39
2014-08-06,3.27
2014-08-07,3.05
2014-08-08,2.99
2014-08-11,2.96
2014-08-12,2.91
2014-08-13,2.89
2014-08-14,3.21
2014-08-15,3.2
2014-08-18,2.85
2014-08-19,2.84
2014-08-20,2.7
2014-08-21,2.85
2014-08-22,2.85
2014-08-25,2.6
2014-08-26,3.16
2014-08-27,2.87
2014-08-28,2.91
2014-08-29,3.11
2014-09-01,2.86
2014-09-02,2.86
2014-09-03,2.85
2014-09-04,3.23
2014-09-05,2.82
2014-09-09,2.82
2014-09-10,2.9
2014-09-11,2.86
2014-09-12,2.94
2014-09-15,2.84
2014-09-16,2.85
2014-09-17,2.84
2014-09-18,2.85
2014-09-19,2.85
2014-09-22,2.79
2014-09-23,2.72
2014-09-24,2.68
2014-09-25,2.67
2014-09-26,2.64
2014-09-28,2.63
2014-09-29,2.52
2014-09-30,2.53
2014-10-08,2.56
2014-10-09,2.87
2014-10-10,2.56
2014-10-11,2.52
2014-10-13,2.54
2014-10-14,2.56
2014-10-15,2.52
2014-10-16,3.0
2014-10-17,2.48
2014-10-20,2.43
2014-10-21,2.5
2014-10-22,2.5
2014-10-23,2.43
2014-10-24,2.48
2014-10-27,2.47
2014-10-28,2.52
2014-10-29,2.57
2014-10-30,2.57
2014-10-31,2.58
2014-11-03,2.57
2014-11-04,2.56
2014-11-05,2.57
2014-11-06,2.9
2014-11-07,2.58
2014-11-10,2.53
2014-11-11,2.8
2014-11-12,2.5
2014-11-13,2.9
2014-11-14,2.52
2014-11-17,2.52
2014-11-18,2.51
2014-11-19,2.6
2014-11-20,3.0
2014-11-21,2.88
2014-11-24,2.7
2014-11-25,2.67
2014-11-26,2.59
2014-11-27,2.85
2014-11-28,3.2
2014-12-01,2.65
2014-12-02,2.92
2014-12-03,2.62
2014-12-04,2.63
2014-12-05,2.65
2014-12-08,2.7
2014-12-09,3.0
2014-12-10,2.55
2014-12-11,2.8
2014-12-12,3.5
2014-12-15,3.0
2014-12-16,2.85
2014-12-17,4.0
2014-12-18,3.63
2014-12-19,3.7
2014-12-22,3.71
2014-12-23,3.61
2014-12-24,3.86
2014-12-25,3.31
2014-12-26,3.45
2014-12-29,3.38
2014-12-30,3.54
2014-12-31,4.5
2015-01-04,2.5
2015-01-05,3.21
2015-01-06,2.98
2015-01-07,2.88
2015-01-08,2.81
2015-01-09,2.75
2015-01-12,2.72
2015-01-13,2.64
2015-01-14,2.62
2015-01-15,2.62
2015-01-16,2.62
2015-01-19,2.67
2015-01-20,2.78
2015-01-21,2.35
2015-01-22,2.75
2015-01-23,2.68
2015-01-26,2.67
2015-01-27,2.69
2015-01-28,2.74
2015-01-29,2.79
2015-01-30,2.83
2015-02-02,2.93
2015-02-03,2.96
2015-02-04,2.65
2015-02-05,2.87
2015-02-06,2.8
2015-02-09,3.1
2015-02-10,2.9
2015-02-11,3.0
2015-02-12,2.3
2015-02-13,3.15
2015-02-15,3.16
2015-02-16,3.36
2015-02-17,3.52
2015-02-25,3.31
2015-02-26,3.5
2015-02-27,3.53
2015-02-28,3.52
2015-03-02,3.49
2015-03-03,3.48
2015-03-04,3.26
2015-03-05,3.4
2015-03-06,3.4
2015-03-09,3.3
2015-03-10,3.37
2015-03-11,3.36
2015-03-12,3.45
2015-03-13,3.42
2015-03-16,3.39
2015-03-17,3.3
2015-03-18,3.35
2015-03-19,3.3
2015-03-20,3.27
2015-03-23,3.32
2015-03-24,3.2
2015-03-25,3.19
2015-03-26,3.23
2015-03-27,3.22
2015-03-30,3.3
2015-03-31,3.15
2015-04-01,3.05
2015-04-02,2.95
2015-04-03,2.82
2015-04-07,2.73
2015-04-08,2.65
2015-04-09,2.55
2015-04-10,2.4
2015-04-13,2.35
2015-04-14,2.34
2015-04-15,2.4
2015-04-16,2.29
2015-04-17,2.26
2015-04-20,2.1
2015-04-21,2.0
2015-04-22,1.92
2015-04-23,1.89
2015-04-24,1.8
2015-04-27,1.76
2015-04-28,1.75
2015-04-29,1.7
2015-04-30,1.62
2015-05-04,1.6
2015-05-05,1.53
2015-05-06,1.5
2015-05-07,1.47
2015-05-08,1.72
2015-05-11,1.35
2015-05-12,1.28
2015-05-13,1.23
2015-05-14,1.13
2015-05-15,1.05
2015-05-18,1.04
2015-05-19,1.1
2015-05-20,1.03
2015-05-21,1.03
2015-05-22,1.05
2015-05-25,1.03
2015-05-26,1.06
2015-05-27,1.05
2015-05-28,1.03
2015-05-29,1.02
2015-06-01,3.5
2015-06-02,1.05
2015-06-03,1.05
2015-06-04,1.06
2015-06-05,1.16
2015-06-08,1.08
2015-06-09,1.08
2015-06-10,1.07
2015-06-11,1.11
2015-06-12,1.09
2015-06-15,1.2
2015-06-16,1.25
2015-06-17,1.2
2015-06-18,1.3
2015-06-19,1.28
2015-06-23,1.3
2015-06-24,1.3
2015-06-25,1.35
2015-06-26,1.35
2015-06-29,1.33
2015-06-30,1.15
2015-07-01,1.16
2015-07-02,1.16
2015-07-03,1.16
2015-07-06,1.17
2015-07-07,1.2
2015-07-08,1.2
2015-07-09,1.21
2015-07-10,1.22
2015-07-13,1.21
2015-07-14,1.24
2015-07-15,1.26
2015-07-16,1.26
2015-07-17,1.29
2015-07-20,1.3
2015-07-21,1.3
2015-07-22,1.33
2015-07-23,1.34
2015-07-24,1.34
2015-07-27,1.4
2015-07-28,1.7
2015-07-29,1.44
2015-07-30,1.45
2015-07-31,1.46
2015-08-03,1.47
2015-08-04,1.51
2015-08-05,1.52
2015-08-06,1.53
2015-08-07,1.56
2015-08-10,1.57
2015-08-11,1.6
2015-08-12,1.6
2015-08-13,1.65
2015-08-14,1.69
2015-08-17,1.72
2015-08-18,1.8
2015-08-19,1.81
2015-08-20,1.84
2015-08-21,1.86
2015-08-24,1.88
2015-08-25,1.89
2015-08-26,1.9
2015-08-27,1.75
2015-08-28,2.2
2015-08-31,1.8
2015-09-01,1.84
2015-09-02,2.03
2015-09-06,1.87
2015-09-07,1.9
2015-09-08,1.89
2015-09-09,1.89
2015-09-10,2.08
2015-09-11,1.9
2015-09-14,1.91
2015-09-15,1.86
2015-09-16,1.9
2015-09-17,1.9
2015-09-18,1.9
2015-09-21,1.9
2015-09-22,1.87
2015-09-23,1.91
2015-09-24,1.9
2015-09-25,1.88
2015-09-28,1.91
2015-09-29,1.92
2015-09-30,2.8
2015-10-08,1.92
2015-10-09,1.9
2015-10-10,1.87
2015-10-12,2.0
2015-10-13,1.9
2015-10-14,1.91
2015-10-15,1.9
2015-10-16,1.88
2015-10-19,1.9
2015-10-20,1.92
2015-10-21,1.91
2015-10-22,1.91
2015-10-23,1.91
2015-10-26,1.8435
2015-10-27,1.9
2015-10-28,1.75
2015-10-29,1.8
2015-10-30,1.5
2015-11-02,1.8
2015-11-03,1.79
2015-11-04,1.89
2015-11-05,1.79
2015-11-06,1.79
2015-11-09,1.8
2015-11-10,1.79
2015-11-11,1.8
2015-11-12,1.9
2015-11-13,1.7
2015-11-16,1.8
2015-11-17,1.8
2015-11-18,1.8
2015-11-19,1.77
2015-11-20,1.8
2015-11-23,1.9
2015-11-24,1.79
2015-11-25,1.8
2015-11-26,1.8
2015-11-27,1.8
2015-11-30,1.81
2015-12-01,1.8
2015-12-02,1.8
2015-12-03,1.8
2015-12-04,1.8
2015-12-07,1.8
2015-12-08,1.8
2015-12-09,1.81
2015-12-10,1.77
2015-12-11,1.8
2015-12-14,1.81
2015-12-15,1.8
2015-12-16,1.8
2015-12-17,1.8
2015-12-18,1.84
2015-12-21,1.87
2015-12-22,1.8674
2015-12-23,1.93
2015-12-24,1.95
2015-12-25,1.9
2015-12-28,1.97
2015-12-29,1.84
2015-12-30,1.94
2015-12-31,2.4
2016-01-04,2.07
2016-01-05,2.07
2016-01-06,2.01
2016-01-07,1.99
2016-01-08,1.97
2016-01-11,1.97
2016-01-12,1.97
2016-01-13,1.99
2016-01-14,1.98
2016-01-15,1.95
2016-01-18,2.2
2016-01-19,2.0
2016-01-20,2.4
2016-01-21,2.2
2016-01-22,2.1
2016-01-25,2.0
2016-01-26,2.02
2016-01-27,2.02
2016-01-28,2.01
2016-01-29,2.1
2016-02-01,2.02
2016-02-02,2.0
2016-02-03,2.46
2016-02-04,1.99
2016-02-05,1.96
2016-02-06,2.2
2016-02-14,1.95
2016-02-15,1.98
2016-02-16,1.98
2016-02-17,1.85
2016-02-18,1.95
2016-02-19,1.9
2016-02-22,1.95
2016-02-23,1.96
2016-02-24,2.02
2016-02-25,2.16
2016-02-26,2.09
2016-02-29,2.03
2016-03-01,1.95
2016-03-02,1.98
2016-03-03,1.98
2016-03-04,1.97
2016-03-07,1.98
2016-03-08,1.95
2016-03-09,1.98
2016-03-10,1.98
2016-03-11,1.95
2016-03-14,1.99
2016-03-15,1.99
2016-03-16,1.99
2016-03-17,2.2
2016-03-18,1.95
2016-03-21,2.5
2016-03-22,2.11
2016-03-23,2.0
2016-03-24,2.03
2016-03-25,2.02
2016-03-28,2.3
2016-03-29,2.0
2016-03-30,2.1
2016-03-31,2.2
2016-04-01,1.8
2016-04-05,2.0
2016-04-06,2.0
2016-04-07,1.96
2016-04-08,2.0
2016-04-11,2.01
2016-04-12,2.15
2016-04-13,2.03
2016-04-14,2.03
2016-04-15,2.02
2016-04-18,2.01
2016-04-19,2.04
2016-04-20,2.06
2016-04-21,2.5
2016-04-22,2.14
2016-04-25,2.13
2016-04-26,2.04
2016-04-27,2.03
2016-04-28,2.03
2016-04-29,2.1
2016-05-03,2.04
2016-05-04,2.0
2016-05-05,1.99
2016-05-06,2.0
2016-05-09,2.02
2016-05-10,2.02
2016-05-11,2.03
2016-05-12,2.03
2016-05-13,2.05
2016-05-16,2.03
2016-05-17,2.04
2016-05-18,2.04
2016-05-19,2.0
2016-05-20,2.0
2016-05-23,2.02
2016-05-24,2.03
2016-05-25,2.02
2016-05-26,2.02
2016-05-27,2.0
2016-05-30,2.03
2016-05-31,2.0
2016-06-01,2.03
2016-06-02,1.9
2016-06-03,1.9
2016-06-06,2.02
2016-06-07,2.0
2016-06-08,2.0
2016-06-12,1.99
2016-06-13,2.0
2016-06-14,2.02
2016-06-15,1.99
2016-06-16,2.0
2016-06-17,2.03
2016-06-20,2.0
2016-06-21,2.02
2016-06-22,2.05
2016-06-23,2.05
2016-06-24,2.05
2016-06-27,2.04
2016-06-28,2.06
2016-06-29,1.95
2016-06-30,2.05
2016-07-01,2.0
2016-07-04,2.02
2016-07-05,2.03
2016-07-06,2.02
2016-07-07,2.0
2016-07-08,2.03
2016-07-11,2.03
2016-07-12,2.02
2016-07-13,2.0
2016-07-14,2.05
2016-07-15,2.03
2016-07-18,2.15
2016-07-19,2.04
2016-07-20,2.05
2016-07-21,2.4
2016-07-22,2.1
2016-07-25,2.07
2016-07-26,2.15
2016-07-27,2.05
2016-07-28,2.04
2016-07-29,2.04
2016-08-01,2.03
2016-08-02,2.03
2016-08-03,2.04
2016-08-04,2.04
2016-08-05,2.1
2016-08-08,2.05
2016-08-09,2.05
2016-08-10,2.01
2016-08-11,2.0615
2016-08-12,2.05
2016-08-15,2.1
2016-08-16,2.05
2016-08-17,2.04
2016-08-18,2.05
2016-08-19,2.05
2016-08-22,2.2
2016-08-23,2.1
2016-08-24,2.05
2016-08-25,2.0
2016-08-26,2.0
2016-08-29,2.05
2016-08-30,2.0
2016-08-31,2.06
2016-09-01,2.1
2016-09-02,2.09
2016-09-05,2.06
2016-09-06,2.07
2016-09-07,2.11
2016-09-08,2.12
2016-09-09,2.08
2016-09-12,2.5
2016-09-13,2.65
2016-09-14,2.15
2016-09-18,2.2
2016-09-19,2.5
2016-09-20,2.25
2016-09-21,2.0
2016-09-22,2.29
2016-09-23,2.15
2016-09-26,2.21
2016-09-27,2.1
2016-09-28,2.1
2016-09-29,2.3
2016-09-30,2.6
2016-10-08,2.13
2016-10-09,2.0
2016-10-10,2.08
2016-10-11,2.08
2016-10-12,2.11
2016-10-13,2.13
2016-10-14,2.16
2016-10-17,2.15
2016-10-18,2.31
2016-10-19,2.26
2016-10-20,2.3
2016-10-21,2.6
2016-10-24,2.24
2016-10-25,2.5
2016-10-26,2.28
2016-10-27,2.35
2016-10-28,2.5
2016-10-31,2.3
2016-11-01,2.3
2016-11-02,2.25
2016-11-03,2.2
2016-11-04,2.0
2016-11-07,2.12
2016-11-08,2.11
2016-11-09,2.17
2016-11-10,2.24
2016-11-11,2.27
2016-11-14,2.34
2016-11-15,2.7
2016-11-16,2.1
2016-11-17,2.37
2016-11-18,1.8
2016-11-21,2.2
2016-11-22,2.31
2016-11-23,2.2
2016-11-24,2.26
2016-11-25,2.3
2016-11-28,2.74
2016-11-29,2.4
2016-11-30,2.41
2016-12-01,2.42
2016-12-02,2.32
2016-12-05,2.23
2016-12-06,2.22
2016-12-07,2.25
2016-12-08,2.25
2016-12-09,2.21
2016-12-12,2.23
2016-12-13,2.25
2016-12-14,2.3
2016-12-15,2.55
2016-12-16,2.35
2016-12-19,2.53
2016-12-20,2.0
2016-12-21,2.33
2016-12-22,2.18
2016-12-23,2.11
2016-12-26,1.9
2016-12-27,2.06
2016-12-28,2.1
2016-12-29,1.7
2016-12-30,2.15
2016-12-31,2.15
2017-01-03,1.9
2017-01-04,2.1
2017-01-05,2.06
2017-01-06,2.05
2017-01-09,2.05
2017-01-10,2.09
2017-01-11,2.14
2017-01-12,2.0
2017-01-13,2.09
2017-01-16,2.7
2017-01-17,2.55
2017-01-18,2.74
2017-01-19,2.7
2017-01-20,2.0
2017-01-22,2.1
2017-01-23,2.15
2017-01-24,2.1
2017-01-25,2.14
2017-01-26,2.7
2017-02-03,2.19
2017-02-04,2.23
2017-02-06,2.2
2017-02-07,2.3
2017-02-08,2.23
2017-02-09,2.23
2017-02-10,2.27
2017-02-13,2.0
2017-02-14,2.22
2017-02-15,2.26
2017-02-16,2.44
2017-02-17,2.5
2017-02-20,3.0
2017-02-21,2.6
2017-02-22,2.55
2017-02-23,2.5
2017-02-24,2.47
2017-02-27,2.48
2017-02-28,2.6
2017-03-01,2.52
2017-03-02,2.0
2017-03-03,2.3
2017-03-06,2.5
2017-03-07,2.77
2017-03-08,2.39
2017-03-09,2.39
2017-03-10,2.38
2017-03-13,2.25
2017-03-14,2.39
2017-03-15,2.5
2017-03-16,2.8
2017-03-17,2.7
2017-03-20,3.3
2017-03-21,3.28
2017-03-22,3.0
2017-03-23,2.7
2017-03-24,2.05
2017-03-27,2.41
2017-03-28,2.8
2017-03-29,2.7
2017-03-30,2.47
2017-03-31,3.0
2017-04-01,2.45
2017-04-05,2.52
2017-04-06,2.61
2017-04-07,2.46
2017-04-10,2.4
2017-04-11,2.2
2017-04-12,2.39
2017-04-13,2.4
2017-04-14,2.44
2017-04-17,2.5
2017-04-18,2.7
2017-04-19,2.75
2017-04-20,2.66
2017-04-21,2.68
2017-04-24,2.8
2017-04-25,2.85
2017-04-26,3.1
2017-04-27,3.1
2017-04-28,3.2
2017-05-02,2.87
2017-05-03,2.92
2017-05-04,3.0
2017-05-05,2.6
2017-05-08,2.81
2017-05-09,2.7
2017-05-10,2.8
2017-05-11,2.9
2017-05-12,2.3
2017-05-15,2.65
2017-05-16,2.9
2017-05-17,2.6
2017-05-18,2.6
2017-05-19,2.5
2017-05-22,2.5
2017-05-23,2.6
2017-05-24,2.55
2017-05-25,2.58
2017-05-26,2.5
2017-05-27,2.6
2017-05-31,2.66
2017-06-01,2.75
2017-06-02,2.91
2017-06-05,2.9
2017-06-06,2.85
2017-06-07,2.6
2017-06-08,2.9
2017-06-09,2.5
2017-06-12,2.83
2017-06-13,2.8
2017-06-14,2.8
2017-06-15,2.85
2017-06-16,2.86
2017-06-19,2.9
2017-06-20,2.88
2017-06-21,2.65
2017-06-22,2.83
2017-06-23,2.75
2017-06-26,2.55
2017-06-27,2.55
2017-06-28,2.45
2017-06-29,2.5
2017-06-30,2.69
2017-07-03,2.6
2017-07-04,2.65
2017-07-05,2.51
2017-07-06,2.5
2017-07-07,2.8
2017-07-10,2.7
2017-07-11,2.6
2017-07-12,2.65
2017-07-13,2.66
2017-07-14,2.6
2017-07-17,2.65
2017-07-18,2.79
2017-07-19,2.8
2017-07-20,3.29
2017-07-21,2.8
2017-07-24,2.9
2017-07-25,2.74
2017-07-26,2.76
2017-07-27,3.1
2017-07-28,2.86
2017-07-31,3.2
2017-08-01,3.29
2017-08-02,2.98
2017-08-03,2.79
2017-08-04,2.66
2017-08-07,2.8
2017-08-08,2.9
2017-08-09,2.9
2017-08-10,2.8
2017-08-11,2.77
2017-08-14,2.84
2017-08-15,2.83
2017-08-16,3.29
2017-08-17,2.9
2017-08-18,2.84
2017-08-21,3.29
2017-08-22,2.8
2017-08-23,3.0
2017-08-24,2.5
2017-08-25,2.5
2017-08-28,2.9
2017-08-29,2.9
2017-08-30,2.6
2017-08-31,2.89
2017-09-01,2.5
2017-09-04,2.72
2017-09-05,2.65
2017-09-06,2.6
2017-09-07,2.6
2017-09-08,2.6
2017-09-11,2.6
2017-09-12,2.62
2017-09-13,2.63
2017-09-14,2.7
2017-09-15,2.8
2017-09-18,2.85
2017-09-19,2.2
2017-09-20,3.0
2017-09-21,2.7
2017-09-22,2.6
2017-09-25,3.0
2017-09-26,3.0
2017-09-27,2.9
2017-09-28,2.5
2017-09-29,2.8
2017-09-30,3.0
2017-10-09,3.0
2017-10-10,2.6
2017-10-11,2.6
2017-10-12,2.6
2017-10-13,2.55
2017-10-16,2.56
2017-10-17,2.3
2017-10-18,2.3
2017-10-19,2.58
2017-10-20,2.55
2017-10-23,2.62
2017-10-24,2.5
2017-10-25,2.67
2017-10-26,2.71
2017-10-27,2.9
2017-10-30,2.78
2017-10-31,2.8
2017-11-01,2.5
2017-11-02,2.56
2017-11-03,2.52
2017-11-06,2.46
2017-11-07,2.54
2017-11-08,2.6
2017-11-09,2.7
2017-11-10,2.6
2017-11-13,2.92
2017-11-14,2.85
2017-11-15,2.82
2017-11-16,2.8
2017-11-17,2.72
2017-11-20,2.8
2017-11-21,3.1
2017-11-22,3.0
2017-11-23,2.9
2017-11-24,2.8
2017-11-27,2.0
2017-11-28,2.77
2017-11-29,2.62
2017-11-30,2.8
2017-12-01,2.58
2017-12-04,2.61
2017-12-05,2.54
2017-12-06,2.58
2017-12-07,2.55
2017-12-08,2.59
2017-12-11,2.7
2017-12-12,2.6
2017-12-13,2.8
2017-12-14,2.81
2017-12-15,2.69
2017-12-18,2.7
2017-12-19,2.5
2017-12-20,2.8
2017-12-21,2.62
2017-12-22,2.54
2017-12-25,2.53
2017-12-26,2.6
2017-12-27,3.15
2017-12-28,3.0
2017-12-29,2.97
2017-12-30,2.97
2017-12-31,2.97
2018-01-02,2.59
2018-01-03,2.1
2018-01-04,2.43
2018-01-05,2.4
2018-01-08,2.45
2018-01-09,2.51
2018-01-10,2.7
2018-01-11,2.84
2018-01-12,2.8
2018-01-15,3.2
2018-01-16,2.77
2018-01-17,2.77
2018-01-18,2.78
2018-01-19,2.88
2018-01-22,2.82
2018-01-23,2.57
2018-01-24,2.61
2018-01-25,2.54
2018-01-26,2.4
2018-01-29,2.3
2018-01-30,2.5
2018-01-31,2.58
2018-02-01,2.48
2018-02-02,2.48
2018-02-05,2.52
2018-02-06,2.6
2018-02-07,2.56
2018-02-08,2.56
2018-02-09,2.59
2018-02-11,2.6
2018-02-12,2.6
2018-02-13,2.58
2018-02-14,2.4
2018-02-22,2.6
2018-02-23,2.56
2018-02-24,2.55
2018-02-26,2.6
2018-02-27,2.54
2018-02-28,2.92
2018-03-01,2.69
2018-03-02,2.76
2018-03-05,2.63
2018-03-06,2.59
2018-03-07,2.56
2018-03-08,2.8
2018-03-09,2.58
2018-03-12,2.66
2018-03-13,2.1
2018-03-14,2.5
2018-03-15,2.6
2018-03-16,2.56
2018-03-19,2.54
2018-03-20,2.54
2018-03-21,2.54
2018-03-22,2.51
2018-03-23,2.55
2018-03-26,2.56
2018-03-27,2.66
2018-03-28,2.58
2018-03-29,2.6
2018-03-30,2.8
2018-04-02,2.4
2018-04-03,2.54
2018-04-04,2.5
2018-04-08,2.38
2018-04-09,2.52
2018-04-10,2.3
2018-04-11,2.56
2018-04-12,2.55
2018-04-13,2.56
2018-04-16,2.9
2018-04-17,2.7
2018-04-18,3.0
2018-04-19,2.83
2018-04-20,3.2
2018-04-23,2.8
2018-04-24,3.0
2018-04-25,3.0
2018-04-26,2.8
2018-04-27,2.92
2018-04-28,2.3
2018-05-02,2.7
2018-05-03,2.63
2018-05-04,2.53
2018-05-07,2.55
2018-05-08,2.54
2018-05-09,2.48
2018-05-10,2.48
2018-05-11,2.45
2018-05-14,2.56
2018-05-15,2.66
2018-05-16,2.46
2018-05-17,2.56
2018-05-18,2.53
2018-05-21,2.51
2018-05-22,2.52
2018-05-23,2.52
2018-05-24,2.52
2018-05-25,2.5
2018-05-28,2.53
2018-05-29,2.76
2018-05-30,2.89
2018-05-31,3.39
2018-06-01,2.8
2018-06-04,2.57
2018-06-05,2.55
2018-06-06,2.53
2018-06-07,2.5
2018-06-08,2.55
2018-06-11,2.57
2018-06-12,2.61
2018-06-13,2.5
2018-06-14,2.59
2018-06-15,2.57
2018-06-19,2.4
2018-06-20,2.81
2018-06-21,2.57
2018-06-22,2.0
2018-06-25,2.55
2018-06-26,2.4
2018-06-27,2.3
2018-06-28,2.2
2018-06-29,2.2
2018-07-02,2.4
2018-07-03,2.32
2018-07-04,2.1
2018-07-05,2.0
2018-07-06,1.9
2018-07-09,1.95
2018-07-10,2.2
2018-07-11,2.38
2018-07-12,2.46
2018-07-13,2.33
2018-07-16,2.57
2018-07-17,2.0
2018-07-18,2.5
2018-07-19,2.4
2018-07-20,2.32
2018-07-23,2.35
2018-07-24,2.34
2018-07-25,2.33
2018-07-26,2.33
2018-07-27,2.0
2018-07-30,2.17
2018-07-31,2.04
2018-08-01,2.0
2018-08-02,1.95
2018-08-03,1.87
2018-08-06,1.7
2018-08-07,1.58
2018-08-08,1.43
2018-08-09,1.62
2018-08-10,1.82
2018-08-13,2.1
2018-08-14,2.35
2018-08-15,2.34
2018-08-16,2.51
2018-08-17,2.58
2018-08-20,2.68
2018-08-21,2.0
2018-08-22,2.52
2018-08-23,2.42
2018-08-24,2.37
2018-08-27,2.42
2018-08-28,2.4
2018-08-29,2.37
2018-08-30,2.15
2018-08-31,2.217
2018-09-03,2.25
2018-09-04,2.1
2018-09-05,2.2
2018-09-06,2.53
2018-09-07,2.58
2018-09-10,2.57
2018-09-11,2.1
2018-09-12,2.35
2018-09-13,2.5
2018-09-14,2.48
2018-09-17,2.5
2018-09-18,2.66
2018-09-19,2.56
2018-09-20,2.55
2018-09-21,2.52
2018-09-25,2.54
2018-09-26,2.54
2018-09-27,2.3
2018-09-28,2.2
2018-09-29,2.03
2018-09-30,2.8
2018-10-08,2.49
2018-10-09,2.49
2018-10-10,2.413
2018-10-11,2.39
2018-10-12,2.43
2018-10-15,2.37
2018-10-16,2.36
2018-10-17,2.33
2018-10-18,2.4
2018-10-19,2.46
2018-10-22,2.46
2018-10-23,2.4
2018-10-24,2.37
2018-10-25,2.2
2018-10-26,2.0
2018-10-29,1.55
2018-10-30,1.55
2018-10-31,2.3
2018-11-01,2.3
2018-11-02,2.47
2018-11-05,2.41
2018-11-06,2.05
2018-11-07,1.97
2018-11-08,2.1
2018-11-09,2.1
2018-11-12,2.31
2018-11-13,2.1
2018-11-14,2.32
2018-11-15,2.34
2018-11-16,2.34
2018-11-19,2.55
2018-11-20,2.52
2018-11-21,2.56
2018-11-22,2.4
2018-11-23,2.33
2018-11-26,2.5
2018-11-27,2.4
2018-11-28,2.3
2018-11-29,2.23
2018-11-30,2.63
2018-12-03,2.0
2018-12-04,2.0
2018-12-05,2.21
2018-12-06,2.4
2018-12-07,2.43
2018-12-10,2.44
2018-12-11,2.45
2018-12-12,2.41
2018-12-13,2.55
2018-12-14,2.6
2018-12-17,2.55
2018-12-18,2.66
2018-12-19,2.5
2018-12-20,2.55
2018-12-21,2.4
2018-12-24,2.33
2018-12-25,2.0
2018-12-26,1.9
2018-12-27,1.7
2018-12-28,1.0
2018-12-29,2.0
2018-12-30,2.0
2018-12-31,2.0
2019-01-02,2.2
2019-01-03,1.89
2019-01-04,1.65
2019-01-07,1.38
2019-01-08,1.38
2019-01-09,1.6
2019-01-10,1.74
2019-01-11,1.7
2019-01-14,1.87
2019-01-15,2.5
2019-01-16,2.3
2019-01-17,2.31
2019-01-18,2.16
2019-01-21,2.23
2019-01-22,2.23
2019-01-23,2.25
2019-01-24,2.26
2019-01-25,2.0
2019-01-28,2.1
2019-01-29,2.06
2019-01-30,1.8
2019-01-31,2.3
2019-02-01,2.05
2019-02-02,1.9
2019-02-03,2.01
2019-02-11,2.24
2019-02-12,2.0
2019-02-13,1.7
2019-02-14,1.71
2019-02-15,1.71
2019-02-18,1.82
2019-02-19,1.95
2019-02-20,1.84
2019-02-21,2.15
2019-02-22,2.43
2019-02-25,2.7
2019-02-26,2.73
2019-02-27,2.1
2019-02-28,2.57
2019-03-01,2.13
2019-03-04,1.92
2019-03-05,1.9
2019-03-06,2.07
2019-03-07,2.06
2019-03-08,2.08
2019-03-11,2.09
2019-03-12,2.2
2019-03-13,2.08
2019-03-14,2.31
2019-03-15,2.73
2019-03-18,2.75
2019-03-19,2.7
2019-03-20,2.73
2019-03-21,2.66
2019-03-22,2.3
2019-03-25,2.55
2019-03-26,2.5
2019-03-27,2.31
2019-03-28,2.0
2019-03-29,2.72
2019-04-01,2.0
2019-04-02,1.9
2019-04-03,1.65
2019-04-04,1.42
2019-04-08,1.43
2019-04-09,1.8
2019-04-10,2.22
2019-04-11,2.75
2019-04-12,2.65
2019-04-15,2.9
2019-04-16,2.9
2019-04-17,3.0
2019-04-18,2.81
2019-04-19,2.45
2019-04-22,2.56
2019-04-23,2.5
2019-04-24,2.76
2019-04-25,2.5
2019-04-26,2.47
2019-04-28,1.5
2019-04-29,1.69
2019-04-30,2.1
2019-05-05,1.78
2019-05-06,1.7
2019-05-07,1.41
2019-05-08,1.4
2019-05-09,1.52
2019-05-10,1.84
2019-05-13,2.15
2019-05-14,2.0
2019-05-15,2.53
2019-05-16,2.28
2019-05-17,2.2
2019-05-20,2.6
2019-05-21,2.74
2019-05-22,2.65
2019-05-23,2.58
2019-05-24,2.2
2019-05-27,2.9
2019-05-28,2.5
2019-05-29,2.47
2019-05-30,1.55
2019-05-31,2.16
2019-06-03,1.8
2019-06-04,1.72
2019-06-05,1.63
2019-06-06,1.7
2019-06-10,1.85
2019-06-11,2.04
2019-06-12,1.96
2019-06-13,1.92
2019-06-14,1.7
2019-06-17,1.8
2019-06-18,1.58
2019-06-19,1.32
2019-06-20,1.2
2019-06-21,1.1
2019-06-24,1.0
2019-06-25,1.0
2019-06-26,0.97
2019-06-27,0.95
2019-06-28,1.39
2019-07-01,1.06
2019-07-02,0.9
2019-07-03,0.86
2019-07-04,1.0
2019-07-05,1.6
2019-07-08,1.44
2019-07-09,1.8
2019-07-10,1.9
2019-07-11,2.0
2019-07-12,2.27
2019-07-15,2.62
2019-07-16,2.8
2019-07-17,2.73
2019-07-18,2.75
2019-07-19,3.11
2019-07-22,2.66
2019-07-23,2.55
2019-07-24,2.48
2019-07-25,2.2
2019-07-26,2.62
2019-07-29,2.2
2019-07-30,2.3
2019-07-31,2.25
2019-08-01,2.64
2019-08-02,2.6
2019-08-05,2.53
2019-08-06,2.26
2019-08-07,2.4
2019-08-08,2.5
2019-08-09,2.6
2019-08-12,2.7
2019-08-13,2.7
2019-08-14,2.6
2019-08-15,2.6
2019-08-16,2.66
2019-08-19,2.66
2019-08-20,2.65
2019-08-21,2.5
2019-08-22,2.55
2019-08-23,2.59
2019-08-26,2.64
2019-08-27,2.6
2019-08-28,2.0
2019-08-29,2.45
2019-08-30,2.58
2019-09-02,2.55
2019-09-03,2.4
2019-09-04,2.44
2019-09-05,2.55
2019-09-06,2.6
2019-09-09,2.55
2019-09-10,2.55
2019-09-11,2.45
2019-09-12,2.37
2019-09-16,2.34
2019-09-17,2.6
2019-09-18,2.64
2019-09-19,2.75
2019-09-20,2.67
2019-09-23,2.76
2019-09-24,2.3
2019-09-25,2.05
2019-09-26,1.6
2019-09-27,1.3
2019-09-29,1.5
2019-09-30,2.66
2019-10-08,2.0
2019-10-09,2.2
2019-10-10,2.06
2019-10-11,1.92
2019-10-12,2.1
2019-10-14,2.56
2019-10-15,2.71
2019-10-16,2.6
2019-10-17,2.59
2019-10-18,2.62
2019-10-21,2.7
2019-10-22,2.75
2019-10-23,2.63
2019-10-24,2.45
2019-10-25,2.5
2019-10-28,2.47
2019-10-29,2.35
2019-10-30,2.25
2019-10-31,2.6
2019-11-01,2.29
2019-11-04,1.8
2019-11-05,1.86
2019-11-06,1.78
2019-11-07,1.8
2019-11-08,1.9
2019-11-11,1.9
2019-11-12,2.2
2019-11-13,2.58
2019-11-14,3.2
2019-11-15,2.71
2019-11-18,2.4
2019-11-19,2.33
2019-11-20,1.7
2019-11-21,1.85
2019-11-22,1.95
2019-11-25,2.23
2019-11-26,2.2
2019-11-27,2.0
2019-11-28,2.06
2019-11-29,2.36
2019-12-02,2.22
2019-12-03,2.05
2019-12-04,1.96
2019-12-05,1.9
2019-12-06,2.06
2019-12-09,2.33
2019-12-10,2.18
2019-12-11,2.07
2019-12-12,2.05
2019-12-13,2.2
2019-12-16,2.43
2019-12-17,2.5
2019-12-18,2.27
2019-12-19,2.0
2019-12-20,1.6
2019-12-23,1.6
2019-12-24,1.1
2019-12-25,0.93
2019-12-26,0.84
2019-12-27,1.03
2019-12-30,1.2
2019-12-31,1.2
2020-01-02,1.38
2020-01-03,1.1
2020-01-06,1.0
2020-01-07,1.21
2020-01-08,1.54
2020-01-09,1.8
2020-01-10,1.77
2020-01-13,2.08
2020-01-14,2.55
2020-01-15,2.6
2020-01-16,2.61
2020-01-17,2.35
2020-01-19,2.3
2020-01-20,2.23
2020-01-21,1.86
2020-01-22,1.48
2020-01-23,2.37
2020-02-03,2.5
2020-02-04,2.22
2020-02-05,2.1
2020-02-06,1.68
2020-02-07,1.5
2020-02-10,1.58
2020-02-11,1.53
2020-02-12,1.5
2020-02-13,1.42
2020-02-14,1.23
2020-02-17,1.42
2020-02-18,1.5
2020-02-19,1.7
2020-02-20,1.38
2020-02-21,1.35
2020-02-24,1.52
2020-02-25,1.59
2020-02-26,1.43
2020-02-27,1.32
2020-02-28,1.64
2020-03-02,1.71
2020-03-03,1.6
2020-03-04,1.45
2020-03-05,1.55
2020-03-06,1.36
2020-03-09,1.57
2020-03-10,2.0
2020-03-11,2.1
2020-03-12,1.7
2020-03-13,1.41
2020-03-16,1.22
2020-03-17,1.08
2020-03-18,0.96
2020-03-19,0.83
2020-03-20,1.0
2020-03-23,0.84
2020-03-24,0.82
2020-03-25,0.84
2020-03-26,0.88
2020-03-27,1.1
2020-03-30,1.36
2020-03-31,1.61
2020-04-01,1.1
2020-04-02,1.1
2020-04-03,0.97
2020-04-07,0.79
2020-04-08,0.89
2020-04-09,1.16
2020-04-10,1.32
2020-04-13,1.34
2020-04-14,0.97
2020-04-15,0.78
2020-04-16,0.65
2020-04-17,0.72
2020-04-20,0.9
2020-04-21,0.9
2020-04-22,0.9
2020-04-23,0.89
2020-04-24,0.92
2020-04-26,0.8
2020-04-27,0.87
2020-04-28,0.89
2020-04-29,0.66
2020-04-30,1.6
2020-05-06,1.46
2020-05-07,1.14
2020-05-08,0.91
2020-05-09,0.84
2020-05-11,0.8632
2020-05-12,0.82
2020-05-13,0.69
2020-05-14,0.74
2020-05-15,0.86
2020-05-18,0.91
2020-05-19,1.38
2020-05-20,1.21
2020-05-21,1.15
2020-05-22,1.09
2020-05-25,1.47
2020-05-26,1.6
2020-05-27,2.11
2020-05-28,2.11
2020-05-29,1.6
2020-06-01,1.4
2020-06-02,1.4
2020-06-03,1.8
2020-06-04,1.5
2020-06-05,1.4
2020-06-08,1.88
2020-06-09,1.8
2020-06-10,1.8
2020-06-11,1.75
2020-06-12,1.51
2020-06-15,1.52
2020-06-16,1.75
2020-06-17,1.9
2020-06-18,2.11
2020-06-19,2.13
2020-06-22,2.13
2020-06-23,1.971
2020-06-24,1.48
2020-06-28,0.95
2020-06-29,1.02
2020-06-30,1.83
2020-07-01,1.96
2020-07-02,1.72
2020-07-03,1.35
2020-07-06,1.4
2020-07-07,1.72
2020-07-08,2.09
2020-07-09,2.2
2020-07-10,2.17
2020-07-13,2.12
2020-07-14,1.66
2020-07-15,2.04
2020-07-16,2.3
2020-07-17,2.31
2020-07-20,1.93
2020-07-21,1.35
2020-07-22,1.34
2020-07-23,1.85
2020-07-24,1.8
2020-07-27,1.7
2020-07-28,1.2
2020-07-29,1.45
2020-07-30,1.36
2020-07-31,1.82
2020-08-03,1.58
2020-08-04,1.9
2020-08-05,1.67
2020-08-06,1.75
2020-08-07,2.06
2020-08-10,2.0
2020-08-11,1.8
2020-08-12,1.9
2020-08-13,2.16
2020-08-14,1.65
2020-08-17,1.65
2020-08-18,2.12
2020-08-19,1.6
2020-08-20,2.19
2020-08-21,1.5
2020-08-24,2.33
2020-08-25,1.6
2020-08-26,1.5
2020-08-27,1.45
2020-08-28,1.35
2020-08-31,2.09
2020-09-01,2.1
2020-09-02,2.0
2020-09-03,1.76
2020-09-04,2.0
2020-09-07,2.08
2020-09-08,1.95
2020-09-09,1.6
2020-09-10,1.34
2020-09-11,1.52
2020-09-14,1.6
2020-09-15,1.65
2020-09-16,1.45
2020-09-17,1.79
2020-09-18,2.12
2020-09-21,2.25
2020-09-22,1.8
2020-09-23,1.5
2020-09-24,1.4
2020-09-25,1.08
2020-09-27,0.67
2020-09-28,0.6
2020-09-29,0.895
2020-09-30,1.9
2020-10-09,2.03
2020-10-10,1.0
2020-10-12,1.51
2020-10-13,1.7
2020-10-14,1.97
2020-10-15,2.03
2020-10-16,2.0
2020-10-19,2.2
2020-10-20,1.8
2020-10-21,1.8
2020-10-22,1.92
2020-10-23,2.15
2020-10-26,2.22
2020-10-27,1.8
2020-10-28,2.38
2020-10-29,2.1
2020-10-30,2.6
2020-11-02,1.8
2020-11-03,1.81
2020-11-04,1.39
2020-11-05,1.38
2020-11-06,1.79
2020-11-09,2.25
2020-11-10,2.1
2020-11-11,2.35
2020-11-12,2.6
2020-11-13,1.6
2020-11-16,2.2
2020-11-17,1.79
2020-11-18,1.72
2020-11-19,1.5
2020-11-20,1.93
2020-11-23,1.85
2020-11-24,1.8
2020-11-25,1.5
2020-11-26,1.1
2020-11-27,0.82
2020-11-30,0.75
2020-12-01,0.76
2020-12-02,0.68
2020-12-03,0.85
2020-12-04,1.1
2020-12-07,1.25
2020-12-08,1.27
2020-12-09,1.05
2020-12-10,0.99
2020-12-11,1.6
2020-12-14,1.7
2020-12-15,1.4
2020-12-16,0.97
2020-12-17,1.38
2020-12-18,1.71
2020-12-21,1.25
2020-12-22,0.97
2020-12-23,0.4
2020-12-24,0.6
2020-12-25,0.77
2020-12-28,0.65
2020-12-29,0.61
2020-12-30,0.65
2020-12-31,0.8
2021-01-04,0.87
2021-01-05,0.71
2021-01-06,0.6
2021-01-07,0.91
2021-01-08,0.94
2021-01-11,1.21
2021-01-12,1.35
2021-01-13,1.39
2021-01-14,1.67
2021-01-15,1.75
2021-01-18,2.14
2021-01-19,2.5
2021-01-20,2.1
2021-01-21,2.0
2021-01-22,2.15
2021-01-25,2.5
2021-01-26,2.7
2021-01-27,3.1
2021-01-28,3.05
2021-01-29,3.34
2021-02-01,2.3
2021-02-02,1.82
2021-02-03,1.87
2021-02-04,2.0
2021-02-05,1.89
2021-02-07,1.4
2021-02-08,1.9
2021-02-09,1.75
2021-02-10,1.65
2021-02-18,2.3
2021-02-19,1.82
2021-02-20,1.46
2021-02-22,1.7
2021-02-23,1.94
2021-02-24,1.23
2021-02-25,1.7
2021-02-26,2.12
2021-03-01,1.75
2021-03-02,1.35
2021-03-03,1.5
2021-03-04,1.89
2021-03-05,1.6
2021-03-08,1.72
2021-03-09,1.6
2021-03-10,1.74
2021-03-11,1.8
2021-03-12,1.8
2021-03-15,1.76
2021-03-16,2.12
2021-03-17,2.0
2021-03-18,2.0
2021-03-19,1.85
2021-03-22,1.9
2021-03-23,1.7
2021-03-24,2.2
2021-03-25,2.0
2021-03-26,1.74
2021-03-29,1.6
2021-03-30,1.6
2021-03-31,1.7
2021-04-01,1.65
2021-04-02,1.72
2021-04-06,1.77
2021-04-07,1.75
2021-04-08,1.75
2021-04-09,1.8
2021-04-12,1.77
2021-04-13,1.78
2021-04-14,1.8
2021-04-15,1.9
2021-04-16,1.6
2021-04-19,1.7
2021-04-20,1.7
2021-04-21,1.6
2021-04-22,1.96
2021-04-23,1.9
2021-04-25,2.02
2021-04-26,2.0
2021-04-27,1.73
2021-04-28,1.75
2021-04-29,1.65
2021-04-30,2.25
2021-05-06,2.06
2021-05-07,1.59
2021-05-08,1.41
2021-05-10,1.66
2021-05-11,1.78
2021-05-12,1.96
2021-05-13,1.8
2021-05-14,1.84
2021-05-17,1.65
2021-05-18,1.99
2021-05-19,2.03
2021-05-20,2.08
2021-05-21,2.01
2021-05-24,1.8
2021-05-25,2.16
2021-05-26,1.9
2021-05-27,2.0
2021-05-28,1.7
2021-05-31,2.28
2021-06-01,2.17
2021-06-02,2.0
2021-06-03,1.85
2021-06-04,2.22
2021-06-07,2.3
2021-06-08,2.09
2021-06-09,1.9
2021-06-10,1.88
2021-06-11,2.0
2021-06-15,2.1
2021-06-16,1.75
2021-06-17,1.85
2021-06-18,2.03
2021-06-21,2.0
2021-06-22,1.85
2021-06-23,2.09
2021-06-24,1.82
2021-06-25,1.4
2021-06-28,1.57
2021-06-29,1.3
2021-06-30,2.15
2021-07-01,1.65
2021-07-02,1.4
2021-07-05,1.67
2021-07-06,1.72
2021-07-07,2.05
2021-07-08,1.9
2021-07-09,1.71
2021-07-12,1.45
2021-07-13,2.08
2021-07-14,2.0
2021-07-15,1.9
2021-07-16,2.09
2021-07-19,1.9
2021-07-20,1.87
2021-07-21,1.74
2021-07-22,2.1
2021-07-23,1.9
2021-07-26,2.13
2021-07-27,2.2
2021-07-28,1.7
2021-07-29,1.64
2021-07-30,2.15
2021-08-02,1.6
2021-08-03,1.55
2021-08-04,1.7
2021-08-05,1.7
2021-08-06,1.9
2021-08-09,1.9
2021-08-10,1.85
2021-08-11,2.1
2021-08-12,1.95
2021-08-13,1.8
2021-08-16,1.61
2021-08-17,1.8
2021-08-18,1.75
2021-08-19,1.85
2021-08-20,2.06
2021-08-23,2.05
2021-08-24,1.89
2021-08-25,2.21
2021-08-26,2.18
2021-08-27,1.85
2021-08-30,1.82
2021-08-31,2.3
2021-09-01,1.64
2021-09-02,1.9
2021-09-03,1.8
2021-09-06,2.12
2021-09-07,2.0
2021-09-08,2.09
2021-09-09,1.8
2021-09-10,2.15
2021-09-13,2.2
2021-09-14,2.34
2021-09-15,2.2
2021-09-16,1.82
2021-09-17,1.9
2021-09-18,1.65
2021-09-22,1.67
2021-09-23,1.75
2021-09-24,1.5
2021-09-26,1.68
2021-09-27,1.65
2021-09-28,1.48
2021-09-29,1.35
2021-09-30,2.0
2021-10-08,1.65
2021-10-09,1.16
2021-10-11,1.7
2021-10-12,1.9
2021-10-13,2.15
2021-10-14,1.95
2021-10-15,2.05
2021-10-18,2.3
2021-10-19,1.73
2021-10-20,1.62
2021-10-21,1.6
2021-10-22,1.9
2021-10-25,1.49
2021-10-26,1.45
2021-10-27,1.92
2021-10-28,1.8
2021-10-29,2.12
2021-11-01,1.7
2021-11-02,1.65
2021-11-03,1.99
2021-11-04,1.91
2021-11-05,1.95
2021-11-08,1.9
2021-11-09,2.13
2021-11-10,1.57
2021-11-11,1.57
2021-11-12,1.85
2021-11-15,1.7
2021-11-16,1.92
2021-11-17,1.75
2021-11-18,1.8
2021-11-19,2.01
2021-11-22,1.95
2021-11-23,2.0
2021-11-24,1.8
2021-11-25,1.83
2021-11-26,1.68
2021-11-29,1.9
2021-11-30,1.78
2021-12-01,1.5
2021-12-02,1.75
2021-12-03,1.9
2021-12-06,1.9
2021-12-07,2.08
2021-12-08,1.8
2021-12-09,2.0
2021-12-10,1.82
2021-12-13,1.9
2021-12-14,2.17
2021-12-15,1.8
2021-12-16,1.8
2021-12-17,1.6
2021-12-20,1.78
2021-12-21,1.4
2021-12-22,1.65
2021-12-23,1.5
2021-12-24,1.7
2021-12-27,1.4
2021-12-28,1.57
2021-12-29,1.5
2021-12-30,1.2
2021-12-31,2.05
2022-01-04,1.43
2022-01-05,1.6
2022-01-06,1.9
2022-01-07,1.84
2022-01-10,1.7
2022-01-11,1.83
2022-01-12,1.99
2022-01-13,1.72
2022-01-14,2.2
2022-01-17,1.95
2022-01-18,1.92
2022-01-19,2.02
2022-01-20,2.05
2022-01-21,1.9
2022-01-24,1.7
2022-01-25,1.9
2022-01-26,1.6
2022-01-27,1.45
2022-01-28,1.25
2022-01-29,1.25
2022-01-30,2.5
2022-02-07,1.65
2022-02-08,1.6
2022-02-09,1.65
2022-02-10,1.66
2022-02-11,1.8
2022-02-14,1.75
2022-02-15,1.85
2022-02-16,1.93
2022-02-17,1.87
2022-02-18,2.0
2022-02-21,2.2
2022-02-22,1.7
2022-02-23,2.05
2022-02-24,2.2
2022-02-25,1.74
2022-02-28,2.1
2022-03-01,1.4
2022-03-02,1.68
2022-03-03,1.74
2022-03-04,1.82
2022-03-07,2.03
2022-03-08,1.8
2022-03-09,2.02
2022-03-10,1.8
2022-03-11,1.56
2022-03-14,2.0
2022-03-15,1.66
2022-03-16,1.75
2022-03-17,2.0
2022-03-18,1.74
2022-03-21,2.0
2022-03-22,1.7
2022-03-23,1.9
2022-03-24,1.7
2022-03-25,1.7
2022-03-28,1.89
2022-03-29,1.45
2022-03-30,1.6
2022-03-31,1.95
2022-04-01,1.62
2022-04-02,1.15
2022-04-06,1.6
2022-04-07,1.7
2022-04-08,1.75
2022-04-11,1.6
2022-04-12,1.75
2022-04-13,1.5
2022-04-14,1.5
2022-04-15,1.4
2022-04-18,1.25
2022-04-19,1.4
2022-04-20,1.3
2022-04-21,1.29
2022-04-22,1.28
2022-04-24,1.3
2022-04-25,1.25
2022-04-26,1.2
2022-04-27,1.37
2022-04-28,1.3
2022-04-29,1.34
2022-05-05,1.29
2022-05-06,1.22
2022-05-07,1.19
2022-05-09,1.3
2022-05-10,1.31
2022-05-11,1.32
2022-05-12,1.2
2022-05-13,1.15
2022-05-16,1.31
2022-05-17,1.32
2022-05-18,1.34
2022-05-19,1.2
2022-05-20,1.5
2022-05-23,1.33
2022-05-24,1.35
2022-05-25,1.3
2022-05-26,1.15
2022-05-27,1.37
2022-05-30,1.35
2022-05-31,1.09
2022-06-01,1.4
2022-06-02,1.55
2022-06-06,1.45
2022-06-07,1.1
2022-06-08,1.35
2022-06-09,1.3
2022-06-10,1.45
2022-06-13,1.1
2022-06-14,1.32
2022-06-15,1.42
2022-06-16,1.41
2022-06-17,1.3
2022-06-20,1.6
2022-06-21,1.35
2022-06-22,1.39
2022-06-23,1.43
2022-06-24,1.35
2022-06-27,1.43
2022-06-28,1.3
2022-06-29,1.1
2022-06-30,1.95
2022-07-01,0.95
2022-07-04,1.2
2022-07-05,1.2
2022-07-06,1.22
2022-07-07,1.35
2022-07-08,1.5
2022-07-11,1.25
2022-07-12,1.0
2022-07-13,1.55
2022-07-14,1.21
2022-07-15,1.25
2022-07-18,1.22
2022-07-19,1.2
2022-07-20,1.28
2022-07-21,1.01
2022-07-22,1.1
2022-07-25,1.05
2022-07-26,0.98
2022-07-27,0.91
2022-07-28,1.1
2022-07-29,1.6
2022-08-01,1.15
2022-08-02,1.2
2022-08-03,1.02
2022-08-04,0.92
2022-08-05,1.05
2022-08-08,0.95
2022-08-09,0.89
2022-08-10,1.07
2022-08-11,1.05
2022-08-12,1.05
2022-08-15,1.03
2022-08-16,1.05
2022-08-17,1.3
2022-08-18,1.1
2022-08-19,0.95
2022-08-22,1.18
2022-08-23,1.4
2022-08-24,1.3
2022-08-25,1.2
2022-08-26,1.25
2022-08-29,0.8
2022-08-30,0.9
2022-08-31,1.46
2022-09-01,1.28
2022-09-02,0.95
2022-09-05,1.03
2022-09-06,1.1
2022-09-07,1.11
2022-09-08,1.1
2022-09-09,1.13
2022-09-13,1.16
2022-09-14,0.97
2022-09-15,1.2
2022-09-16,1.0
2022-09-19,1.04
2022-09-20,1.0
2022-09-21,1.45
2022-09-22,1.46
2022-09-23,1.46
2022-09-26,1.42
2022-09-27,1.22
2022-09-28,1.26
2022-09-29,1.1
2022-09-30,2.02
2022-10-08,1.4
2022-10-09,0.68
2022-10-10,1.0
2022-10-11,0.7
2022-10-12,1.0
2022-10-13,1.0
2022-10-14,1.1315
2022-10-17,1.15
2022-10-18,1.12
2022-10-19,1.1
2022-10-20,1.25
2022-10-21,1.12
2022-10-24,1.42
2022-10-25,1.36
2022-10-26,1.6
2022-10-27,1.73
2022-10-28,1.4
2022-10-31,1.76
2022-11-01,1.35
2022-11-02,1.4
2022-11-03,1.35
2022-11-04,1.35
2022-11-07,1.45
2022-11-08,1.75
2022-11-09,1.5
2022-11-10,1.85
2022-11-11,1.7
2022-11-14,1.65
2022-11-15,2.0
2022-11-16,1.81
2022-11-17,1.66
2022-11-18,1.32
2022-11-21,1.3
2022-11-22,0.7
2022-11-23,1.04
2022-11-24,1.04
2022-11-25,1.04
2022-11-28,1.03
2022-11-29,0.85
2022-11-30,1.57
2022-12-01,1.02
2022-12-02,1.06
2022-12-05,1.08
2022-12-06,0.9
2022-12-07,1.15
2022-12-08,0.99
2022-12-09,1.0
2022-12-12,0.95
2022-12-13,1.0
2022-12-14,1.2
2022-12-15,1.2
2022-12-16,0.95
2022-12-19,1.2
2022-12-20,1.2
2022-12-21,0.6
2022-12-22,0.45
2022-12-23,0.38
2022-12-26,0.4965
2022-12-27,0.56
2022-12-28,0.35
2022-12-29,0.38
2022-12-30,2.2
2022-12-31,2.2
2023-01-03,0.98
2023-01-04,1.1
2023-01-05,0.55
2023-01-06,1.0
2023-01-09,0.6
2023-01-10,1.63
2023-01-11,1.37
2023-01-12,1.1
2023-01-13,2.0
2023-01-16,1.65
2023-01-17,1.48
2023-01-18,1.44
2023-01-19,1.6
2023-01-20,1.69
2023-01-28,1.25
2023-01-29,0.87
2023-01-30,1.43
2023-01-31,2.0
2023-02-01,1.55
2023-02-02,1.35
2023-02-03,1.5
2023-02-06,1.85
2023-02-07,2.5
2023-02-08,2.0
2023-02-09,1.82
2023-02-10,1.55
2023-02-13,1.35
2023-02-14,1.4
2023-02-15,1.94
2023-02-16,2.2
2023-02-17,1.7
2023-02-20,2.0
2023-02-21,1.7
2023-02-22,1.55
2023-02-23,1.45
2023-02-24,1.44
2023-02-27,1.84
2023-02-28,1.8
2023-03-01,1.7
2023-03-02,1.15
2023-03-03,1.3
2023-03-06,1.25
2023-03-07,1.28
2023-03-08,1.39
2023-03-09,1.5
2023-03-10,1.9
2023-03-13,1.8
2023-03-14,1.7
2023-03-15,2.1
2023-03-16,1.8
2023-03-17,2.26
2023-03-20,2.0
2023-03-21,1.96
2023-03-22,1.64
2023-03-23,1.3
2023-03-24,1.2
2023-03-27,0.79
2023-03-28,1.05
2023-03-29,0.75
2023-03-30,0.4
2023-03-31,1.34
2023-04-03,0.86
2023-04-04,1.15
2023-04-06,1.36
2023-04-07,1.32
2023-04-10,1.0
2023-04-11,1.0
2023-04-12,1.15
2023-04-13,1.3
2023-04-14,1.3
2023-04-17,1.8
2023-04-18,2.54
2023-04-19,1.95
2023-04-20,1.75
2023-04-21,1.78
2023-04-23,1.35
2023-04-24,1.3
2023-04-25,1.19
2023-04-26,0.9
2023-04-27,0.8
2023-04-28,1.64
2023-05-04,1.2
2023-05-05,1.22
2023-05-06,1.2
2023-05-08,1.3
2023-05-09,1.04
2023-05-10,1.5
2023-05-11,0.9
2023-05-12,1.15
2023-05-15,1.18
2023-05-16,1.15
2023-05-17,1.1
2023-05-18,1.0
2023-05-19,1.2
2023-05-22,1.0
2023-05-23,1.15
2023-05-24,1.2
2023-05-25,1.08
2023-05-26,1.2
2023-05-29,1.18
2023-05-30,1.1
2023-05-31,1.65
2023-06-01,1.6
2023-06-02,1.2
2023-06-05,1.1
2023-06-06,1.2
2023-06-07,1.39
2023-06-08,1.3
2023-06-09,1.55
2023-06-12,1.25
2023-06-13,1.25
2023-06-14,1.3
2023-06-15,1.54
2023-06-16,1.8
2023-06-19,1.79
2023-06-20,1.85
2023-06-21,1.85
2023-06-25,0.92
2023-06-26,0.7
2023-06-27,0.95
2023-06-28,1.1
2023-06-29,0.7
2023-06-30,1.4
2023-07-03,0.68
2023-07-04,1.15
2023-07-05,1.1
2023-07-06,1.2
2023-07-07,1.15
2023-07-10,1.1
2023-07-11,0.99
2023-07-12,1.2
2023-07-13,1.45
2023-07-14,1.32
2023-07-17,1.2
2023-07-18,1.3
2023-07-19,1.4
2023-07-20,1.4
2023-07-21,1.63
2023-07-24,1.48
2023-07-25,1.34
2023-07-26,1.25
2023-07-27,1.25
2023-07-28,1.1
2023-07-31,1.65
2023-08-01,1.1
2023-08-02,1.09
2023-08-03,1.04
2023-08-04,1.5
2023-08-07,1.45
2023-08-08,1.27
2023-08-09,1.34
2023-08-10,1.25
2023-08-11,1.36
2023-08-14,1.69
2023-08-15,1.8
2023-08-16,1.6
2023-08-17,1.75
2023-08-18,1.6
2023-08-21,1.8
2023-08-22,1.5
2023-08-23,1.7
2023-08-24,1.61
2023-08-25,1.6
2023-08-28,1.8
2023-08-29,1.58
2023-08-30,1.44
2023-08-31,2.35
2023-09-01,1.55
2023-09-04,1.55
2023-09-05,1.3
2023-09-06,1.7
2023-09-07,1.76
2023-09-08,1.8
2023-09-11,1.55
2023-09-12,1.35
2023-09-13,1.52
2023-09-14,1.3
2023-09-15,1.85
2023-09-18,1.9
2023-09-19,1.75
2023-09-20,1.55
2023-09-21,1.8
2023-09-22,1.9
2023-09-25,1.7
2023-09-26,1.75
2023-09-27,1.6957
2023-09-28,2.2
2023-10-07,1.21
2023-10-08,1.15
2023-10-09,1.75
2023-10-10,1.33
2023-10-11,1.65
2023-10-12,1.7
2023-10-13,1.7
2023-10-16,1.7
2023-10-17,1.75
2023-10-18,1.83
2023-10-19,1.86
2023-10-20,1.7
2023-10-23,2.0
2023-10-24,1.45
2023-10-25,1.46
2023-10-26,1.5
2023-10-27,1.6
2023-10-30,1.45
2023-10-31,2.64
2023-11-01,1.29
2023-11-02,1.0
2023-11-03,1.65
2023-11-06,1.61
2023-11-07,1.6
2023-11-08,1.45
2023-11-09,1.3
2023-11-10,1.71
2023-11-13,1.5
2023-11-14,1.42
2023-11-15,1.62
2023-11-16,1.42
2023-11-17,1.89
2023-11-20,1.8
2023-11-21,1.85
2023-11-22,1.88
2023-11-23,1.78
2023-11-24,1.68
2023-11-27,1.31
2023-11-28,1.7
2023-11-29,1.2
2023-11-30,1.5
2023-12-01,1.61
2023-12-04,1.7
2023-12-05,1.7
2023-12-06,1.6
2023-12-07,1.71
2023-12-08,1.6
2023-12-11,1.5
2023-12-12,1.45
2023-12-13,2.0
2023-12-14,1.65
2023-12-15,1.41
2023-12-18,1.4
2023-12-19,1.2
2023-12-20,1.2
2023-12-21,1.35
2023-12-22,1.58
2023-12-25,1.1
2023-12-26,1.1
2023-12-27,1.15
2023-12-28,1.3
2023-12-29,1.5
2023-12-31,1.5
2024-01-02,1.6
2024-01-03,1.5
2024-01-04,1.6
2024-01-05,1.6
2024-01-08,1.7
2024-01-09,1.6
2024-01-10,1.59
2024-01-11,1.65
2024-01-12,1.8
2024-01-15,1.75
2024-01-16,1.75
2024-01-17,1.55
2024-01-18,1.55
2024-01-19,1.73
2024-01-22,1.76
2024-01-23,1.39
2024-01-24,2.1
2024-01-25,1.65
2024-01-26,1.75
2024-01-29,1.64
2024-01-30,1.62
2024-01-31,1.25
2024-02-01,1.45
2024-02-02,1.5
2024-02-04,1.75
2024-02-05,1.5
2024-02-06,2.4
2024-02-07,1.69
2024-02-08,1.5
2024-02-09,1.8
2024-02-18,1.2
2024-02-19,1.55
2024-02-20,1.75
2024-02-21,1.72
2024-02-22,1.85
2024-02-23,1.64
2024-02-26,1.78
2024-02-27,1.6
2024-02-28,1.21
2024-02-29,1.63
2024-03-01,1.7
2024-03-04,1.5
2024-03-05,1.55
2024-03-06,1.8
2024-03-07,1.73
2024-03-08,1.8
2024-03-11,1.57
2024-03-12,1.59
2024-03-13,1.76
2024-03-14,1.7
2024-03-15,1.5
2024-03-18,1.74
2024-03-19,1.76
2024-03-20,1.76
2024-03-21,1.75
2024-03-22,1.77
2024-03-25,1.9
2024-03-26,1.6
2024-03-27,1.4
2024-03-28,1.6
2024-03-29,1.46
2024-04-01,1.35
2024-04-02,1.55
2024-04-03,1.75
2024-04-07,1.75
2024-04-08,1.55
2024-04-09,1.5
2024-04-10,1.7
2024-04-11,1.8
2024-04-12,1.72
2024-04-15,1.8
2024-04-16,1.72
2024-04-17,1.75
2024-04-18,1.55
2024-04-19,1.75
2024-04-22,1.5
2024-04-23,1.75
2024-04-24,1.64
2024-04-25,1.85
2024-04-26,1.59
2024-04-28,1.78
2024-04-29,1.65
2024-04-30,1.9
2024-05-06,1.4
2024-05-07,1.65
2024-05-08,1.4
2024-05-09,1.65
2024-05-10,1.81
2024-05-11,1.85
2024-05-13,1.45
2024-05-14,1.55
2024-05-15,1.7
2024-05-16,1.77
2024-05-17,1.72
2024-05-20,1.72
2024-05-21,1.5
2024-05-22,1.65
2024-05-23,1.5
2024-05-24,1.75
2024-05-27,1.78
2024-05-28,1.44
2024-05-29,1.55
2024-05-30,1.63
2024-05-31,1.85
2024-06-03,2.0
2024-06-04,1.5
2024-06-05,1.8
2024-06-06,1.7
2024-06-07,1.73
2024-06-11,1.69
2024-06-12,1.5
2024-06-13,1.65
2024-06-14,1.8
2024-06-17,1.7
2024-06-18,1.8
2024-06-19,1.9
2024-06-20,1.9
2024-06-21,1.7
2024-06-24,1.9
2024-06-25,1.7
2024-06-26,1.5
2024-06-27,1.6
2024-06-28,1.56
2024-07-01,1.4
2024-07-02,1.6
2024-07-03,1.7
2024-07-04,1.5
2024-07-05,1.77
2024-07-08,1.7
2024-07-09,1.7
2024-07-10,1.4
2024-07-11,1.6
2024-07-12,1.69
2024-07-15,1.95
2024-07-16,1.8
2024-07-17,1.9
2024-07-18,1.96
2024-07-19,1.85
2024-07-22,1.69
2024-07-23,1.75
2024-07-24,1.79
2024-07-25,1.6
2024-07-26,1.69
2024-07-29,1.6
2024-07-30,1.64
2024-07-31,1.6
2024-08-01,1.6
2024-08-02,1.56
2024-08-05,1.5
2024-08-06,1.61
2024-08-07,1.65
2024-08-08,1.8
2024-08-09,1.8
2024-08-12,2.02
2024-08-13,1.65
2024-08-14,1.88
2024-08-15,1.7
2024-08-16,1.85
2024-08-19,1.9
2024-08-20,1.85
2024-08-21,1.7
2024-08-22,1.75
2024-08-23,1.82
2024-08-26,1.5
2024-08-27,1.4
2024-08-28,1.5
2024-08-29,1.49
2024-08-30,1.65
2024-09-02,1.52
2024-09-03,1.49
2024-09-04,1.54
2024-09-05,1.54
2024-09-06,1.75
2024-09-09,1.75
2024-09-10,1.64
2024-09-11,1.65
2024-09-12,1.7
2024-09-13,1.67
2024-09-14,1.5
2024-09-18,2.0
2024-09-19,1.75
2024-09-20,1.85
2024-09-23,1.8
2024-09-24,1.5
2024-09-25,1.63
2024-09-26,1.47
2024-09-27,1.35
2024-09-29,1.9
2024-09-30,1.35
2024-10-08,1.49
2024-10-09,1.3
2024-10-10,1.45
2024-10-11,1.4
2024-10-12,1.35
2024-10-14,1.3
2024-10-15,1.42
2024-10-16,1.6
2024-10-17,1.43
2024-10-18,1.6
2024-10-21,1.25
2024-10-22,1.52
2024-10-23,1.4
2024-10-24,1.38
2024-10-25,1.5
2024-10-28,1.3
2024-10-29,1.3
2024-10-30,1.3
2024-10-31,1.2
2024-11-01,1.55
2024-11-04,1.2
2024-11-05,1.3
2024-11-06,1.33
2024-11-07,1.6
2024-11-08,1.52
2024-11-11,1.6
2024-11-12,1.5
2024-11-13,1.7
2024-11-14,1.4
2024-11-15,1.52
2024-11-18,1.47
2024-11-19,1.4
2024-11-20,1.45
2024-11-21,1.46
2024-11-22,1.8
2024-11-25,1.47
2024-11-26,1.18
2024-11-27,1.27
2024-11-28,1.3
2024-11-29,1.3
2024-12-02,1.29
2024-12-03,1.37
2024-12-04,1.39
2024-12-05,1.5
2024-12-06,1.5
2024-12-09,1.5
2024-12-10,1.35
2024-12-11,1.45
2024-12-12,1.4
2024-12-13,1.35
2024-12-16,1.45
2024-12-17,1.4
2024-12-18,1.28
2024-12-19,1.55
2024-12-20,1.0
2024-12-23,1.3
2024-12-24,1.29
2024-12-25,1.3
2024-12-26,1.35
2024-12-27,1.6
2024-12-30,1.35
2024-12-31,1.75
2025-01-02,1.49
2025-01-03,1.4
2025-01-06,1.55
2025-01-07,1.4
2025-01-08,1.4
2025-01-09,1.58
2025-01-10,1.75
2025-01-13,1.85
2025-01-14,1.5
2025-01-15,1.85
2025-01-16,2.0
2025-01-17,1.5
2025-01-20,1.5
2025-01-21,1.7
2025-01-22,1.85
2025-01-23,1.5
2025-01-24,1.5
2025-01-26,1.49
2025-01-27,1.7
2025-02-05,1.7
2025-02-06,1.5
2025-02-07,1.8
2025-02-08,1.5
2025-02-10,1.5
2025-02-11,1.5
2025-02-12,1.7
2025-02-13,1.9
2025-02-14,1.78
2025-02-17,1.9
2025-02-18,1.65
2025-02-19,1.75
2025-02-20,1.946
2025-02-21,1.5
2025-02-24,1.7
2025-02-25,1.8
2025-02-26,1.6
2025-02-27,1.85
2025-02-28,1.6
2025-03-03,1.32
2025-03-04,1.35
2025-03-05,1.6
2025-03-06,1.4
2025-03-07,1.65
2025-03-10,1.55
2025-03-11,1.68
2025-03-12,1.7
2025-03-13,1.78
2025-03-14,1.75
2025-03-17,1.89
2025-03-18,1.78
2025-03-19,1.5
2025-03-20,1.6
2025-03-21,1.75
2025-03-24,1.75
2025-03-25,1.5
2025-03-26,1.41
2025-03-27,1.59
2025-03-28,1.7
2025-03-31,1.5
2025-04-01,1.5
2025-04-02,1.55
2025-04-03,1.7
2025-04-07,1.8
2025-04-08,1.65
2025-04-09,1.35
2025-04-10,1.5
2025-04-11,1.58
2025-04-14,1.5
2025-04-15,1.7
2025-04-16,1.55
2025-04-17,1.66
2025-04-18,1.6
2025-04-21,1.6
2025-04-22,1.5
2025-04-23,1.55
2025-04-24,1.5
2025-04-25,1.67
2025-04-27,1.65
2025-04-28,1.45
2025-04-29,1.5
2025-04-30,1.78
2025-05-06,1.65
2025-05-07,1.6
2025-05-08,1.55
2025-05-09,1.45
2025-05-12,1.35
2025-05-13,1.5
2025-05-14,1.35
2025-05-15,1.35
2025-05-16,1.48
2025-05-19,1.53
2025-05-20,1.4
2025-05-21,1.4
2025-05-22,1.48
2025-05-23,1.45
2025-05-26,1.44
2025-05-27,1.45
2025-05-28,1.35
2025-05-29,1.38
2025-05-30,1.6
2025-06-03,1.41
2025-06-04,1.42
2025-06-05,1.4
2025-06-06,1.39
2025-06-09,1.33
2025-06-10,1.37
2025-06-11,1.39
2025-06-12,1.38
2025-06-13,1.45
2025-06-16,1.38
2025-06-17,1.38
2025-06-18,1.38
2025-06-19,1.38
2025-06-20,1.35
2025-06-23,1.35
2025-06-24,1.39
2025-06-25,1.42
2025-06-26,1.43
2025-06-27,1.29
2025-06-30,1.9
2025-07-01,1.29
2025-07-02,1.38
2025-07-03,1.3
2025-07-04,1.3
2025-07-07,1.39
2025-07-08,1.3
2025-07-09,1.35
2025-07-10,1.3
2025-07-11,1.35
2025-07-14,1.49
2025-07-15,1.3
2025-07-16,1.44
2025-07-17,1.39
2025-07-18,1.4
2025-07-21,1.25
2025-07-22,1.3
2025-07-23,1.39
2025-07-24,1.65
2025-07-25,1.55
2025-07-28,1.4
2025-07-29,1.3
2025-07-30,1.35
2025-07-31,1.2
2025-08-01,1.25
2025-08-04,1.34
2025-08-05,1.35
2025-08-06,1.3
2025-08-07,1.25
2025-08-08,1.29
2025-08-11,1.3
2025-08-12,1.3
2025-08-13,1.33
2025-08-14,1.32
2025-08-15,1.41
2025-08-18,1.45
2025-08-19,1.45
2025-08-20,1.45
2025-08-21,1.42
2025-08-22,1.45
2025-08-25,1.33
2025-08-26,1.2
2025-08-27,1.35
2025-08-28,1.35
2025-08-29,1.29
2025-09-01,1.25
2025-09-02,1.29
2025-09-03,1.3
2025-09-04,1.3
2025-09-05,1.3
2025-09-08,1.3
2025-09-09,1.3
2025-09-10,1.35
2025-09-11,1.34
2025-09-12,1.41
2025-09-15,1.45
2025-09-16,1.46
2025-09-17,1.45
2025-09-18,1.45
2025-09-19,1.49
2025-09-22,1.4
2025-09-23,1.4
2025-09-24,1.34
2025-09-25,1.3
2025-09-26,1.25
2025-09-28,1.3
2025-09-29,1.3
2025-09-30,1.35
2025-10-09,1.3
2025-10-10,1.34
2025-10-11,1.3
2025-10-13,1.28
2025-10-14,1.3
2025-10-15,1.29
2025-10-16,1.3
2025-10-17,1.35
2025-10-20,1.3
2025-10-21,1.3
2025-10-22,1.3
2025-10-23,1.0
2025-10-24,1.38
2025-10-27,1.3
2025-10-28,1.3
2025-10-29,1.34
2025-10-30,1.31
2025-10-31,1.35
2025-11-03,1.3
2025-11-04,1.29
2025-11-05,1.35
2025-11-06,1.25
2025-11-07,1.35
2025-11-10,1.45
2025-11-11,1.4
2025-11-12,1.39
2025-11-13,1.3
2025-11-14,1.4
2025-11-17,1.5
2025-11-18,1.45
2025-11-19,1.4
2025-11-20,1.3
2025-11-21,1.3
2025-11-24,1.3
2025-11-25,1.29
2025-11-26,1.28
2025-11-27,1.28
2025-11-28,1.28
2025-12-01,1.28
2025-12-02,1.28
2025-12-03,1.28
2025-12-04,1.4
2025-12-05,1.31
2025-12-08,1.2
2025-12-09,1.28
2025-12-10,1.25
2025-12-11,1.25
2025-12-12,1.3
2025-12-15,1.45
2025-12-16,1.31
2025-12-17,1.25
2025-12-18,1.25
2025-12-19,1.2
2025-12-22,1.45
2025-12-23,1.3
2025-12-24,1.2
2025-12-25,1.1
2025-12-26,1.1
2025-12-29,1.35
2025-12-30,1.23
2025-12-31,1.33
2026-01-04,1.15
2026-01-05,1.25
2026-01-06,1.4
2026-01-07,1.3
2026-01-08,1.3
2026-01-09,1.28
2026-01-12,1.38
2026-01-13,1.32
2026-01-14,1.55
2026-01-15,1.35
2026-01-16,1.3
2026-01-19,1.3204
2026-01-20,1.3427
2026-01-21,1.3563
2026-01-22,1.4217
2026-01-23,1.4166
2026-01-26,1.4349
2026-01-27,1.368
2026-01-28,1.3633
2026-01-29,1.3169
2026-01-30,1.3202
2026-02-02,1.3644
2026-02-03,1.3207
2026-02-04,1.3203
2026-02-05,1.2703
2026-02-06,1.2718
2026-02-09,1.3406
2026-02-10,1.3434
2026-02-11,1.3584
2026-02-12,1.3148
2026-02-13,1.25
2026-02-14,1.3095
2026-02-24,1.4012
2026-02-25,1.3642
2026-02-26,1.359
2026-02-27,1.2937
2026-02-28,1.2999
2026-03-02,1.2911
2026-03-03,1.2476
2026-03-04,1.2737
2026-03-05,1.2784
2026-03-06,1.3092
2026-03-09,1.3328
2026-03-10,1.314
2026-03-11,1.36
2026-03-12,1.3216
2026-03-13,1.3455
2026-03-16,1.3142
2026-03-17,1.305
2026-03-18,1.3049
2026-03-19,1.3092
2026-03-20,1.3076
2026-03-23,1.3117
2026-03-24,1.3084
2026-03-25,1.3235
2026-03-26,1.3064
2026-03-27,1.3023
2026-03-30,1.2646
2026-03-31,1.254
2026-04-01,1.2592
2026-04-02,1.2523
2026-04-03,1.2156
2026-04-07,1.2073
2026-04-08,1.2066
2026-04-09,1.2149
2026-04-10,1.2383
2026-04-13,1.2305
2026-04-14,1.212
2026-04-15,1.22
2026-04-16,1.2048
2026-04-17,1.2098
2026-04-20,1.2137
2026-04-21,1.2171
2026-04-22,1.2091
2026-04-23,1.2041
2026-04-24,1.2321
2026-04-27,1.2472
2026-04-28,1.2363
2026-04-29,1.2414
2026-04-30,1.3098
2026-05-06,1.2795
2026-05-07,1.2337
2026-05-08,1.2013
2026-05-09,1.2017
2026-05-11,1.2058
2026-05-12,1.248
2026-05-13,1.2533
2026-05-14,1.2552
2026-05-15,1.2551
2026-05-18,1.2551
2026-05-19,1.2574
2026-05-20,1.2807
2026-05-21,1.2981
2026-05-22,1.3168
2026-05-25,1.3269
2026-05-26,1.3054
2026-05-27,1.3036
2026-05-28,1.2987
2026-05-29,1.3393
2026-06-01,1.3266
2026-06-02,1.2954
2026-06-03,1.3072
2026-06-04,1.3032
2026-06-05,1.3589
2026-06-08,1.3769
2026-06-09,1.3736
2026-06-10,1.3982
2026-06-11,1.4019
2026-06-12,1.4065
2026-06-15,1.4409
2026-06-16,1.3969
2026-06-17,1.4288
2026-06-18,1.4281
2026-06-22,1.4453
2026-06-23,1.4105
2026-06-24,1.4043
2026-06-25,1.3919
2026-06-26,1.354
2026-06-29,1.3261
2026-06-30,1.3655
2026-07-01,1.4125
2026-07-02,1.3481
2026-07-03,1.3524
2026-07-06,1.3516
2026-07-07,1.3597
2026-07-08,1.3582
2026-07-09,1.3528
2026-07-10,1.3591
2026-07-13,1.3756
2026-07-14,1.385
2026-07-15,1.4021
2026-07-16,1.3986
2026-07-17,1.4061
2026-07-20,1.3997
2026-07-21,1.3525
2026-07-22,1.3529
2026-07-23,1.3661
2026-07-24,1.3939
2026-07-27,1.419
2026-07-28,1.4235
2026-07-29,1.4207
2026-07-30,1.3852
2026-07-31,1.3892
2026-08-03,1.3765
2026-08-04,1.3494
2026-08-05,1.3505
2026-08-06,1.344
2026-08-07,1.3454
2026-08-10,1.3519
2026-08-11,1.3496
2026-08-12,1.3605
2026-08-13,1.366
2026-08-14,1.3458
2026-08-17,1.3531
2026-08-18,1.3483
2026-08-19,1.3719
2026-08-20,1.3941
2026-08-21,1.4068
2026-08-24,1.4072
2026-08-25,1.3967
2026-08-26,1.3881
2026-08-27,1.3362
2026-08-28,1.3276
2026-08-31,1.4095
2026-09-01,1.3437
2026-09-02,1.3361
2026-09-03,1.3386
2026-09-04,1.3495
2026-09-07,1.3611
2026-09-08,1.3465
2026-09-09,1.3803
2026-09-10,1.3507
2026-09-11,1.4119
2026-09-14,1.4118
2026-09-15,1.4081
2026-09-16,1.4533
