date,action,price,units,notional,cost,equity_after,round_trip_id,pnl_pct,holding_days
2011-06-28,SHORT,105.5968,-0.009468090320843071,0.9998000399920016,0.00019996000799840034,0.9998000399920016,1,,
2011-08-26,COVER,104.733,0.009468090320843071,0.9916215035728574,0.00019832430071457148,1.0077802521104313,1,0.007780252110431318,43.0
2011-09-13,SHORT,104.4408,-0.009647367086073248,1.0075787363631588,0.00020151574727263175,1.0075787363631588,2,,
2011-09-20,COVER,104.0194,0.009647367086073248,1.0035133358730877,0.00020070266717461753,1.0114434341860552,2,0.003634901624588016,5.0
2012-01-09,SHORT,109.4326,-0.00924076724804917,1.0112411859488655,0.00020224823718977312,1.0112411859488655,3,,
2012-03-08,COVER,108.4512,0.00924076724804917,1.0021722969716302,0.00020043445939432606,1.0201096404667065,3,0.008568157138342913,40.0
2012-07-13,SHORT,110.9283,-0.00919427828006775,1.0199056593348395,0.0002039811318669679,1.0199056593348395,4,,
2012-08-09,COVER,110.2144,0.00919427828006775,1.013341864070699,0.0002026683728141398,1.0262667862261656,4,0.006035768622520088,19.0
2012-08-22,SHORT,109.7089,-0.009352582825198168,1.0260615739113834,0.0002052123147822767,1.0260615739113834,5,,
2012-11-01,COVER,108.2303,0.009352582825198168,1.0122328449460454,0.00020244656898920908,1.0396878563077323,5,0.01307756449072972,47.0
2013-01-15,SHORT,108.2033,-0.009606730666399908,1.0394799603156692,0.00020789599206313386,1.0394799603156692,6,,
2013-01-28,COVER,108.2808,0.009606730666399908,1.0402244819423152,0.00020804489638846305,1.038527393792635,6,-0.0011161643449588698,9.0
2013-03-01,SHORT,108.3516,-0.009582873993985004,1.0383197298466655,0.0002076639459693331,1.0383197298466655,7,,
2013-03-28,COVER,108.352,0.009582873993985004,1.0383235629962633,0.00020766471259925267,1.0381082319844686,7,-0.00040361170121439027,19.0
2013-04-26,SHORT,109.2822,-0.00949743555541614,1.0379006518540979,0.00020758013037081957,1.0379006518540979,8,,
2013-08-28,COVER,104.8072,0.00949743555541614,0.9953996277436105,0.0001990799255487221,1.0802025960390367,8,0.040549109194616184,86.0
2013-11-19,SHORT,100.5045,-0.010745654161945914,1.079986598719293,0.00021599731974385859,1.079986598719293,9,,
2014-02-27,COVER,102.4966,0.010745654161945914,1.1013930163753056,0.00022027860327506114,1.0583599024600052,9,-0.02022092305566181,68.0
2014-07-16,SHORT,103.8543,-0.01018877670742034,1.058148272805444,0.00021162965456108883,1.058148272805444,10,,
2014-09-10,COVER,103.6232,0.01018877670742034,1.0557936465083593,0.00021115872930167187,1.0602917403732273,10,0.001825312834255799,39.0
2014-12-12,SHORT,107.2792,-0.009881502886191745,1.0600797244283415,0.00021201594488566832,1.0600797244283415,11,,
2015-04-13,COVER,107.8615,0.009881502886191745,1.065833723558971,0.0002131667447117942,1.0541125585530002,11,-0.005827812841446733,81.0
2016-01-19,SHORT,113.9871,-0.009245798675441,1.0539017781973608,0.00021078035563947215,1.0539017781973608,12,,
2016-02-23,COVER,113.6303,0.009245798675441,1.0506028772299634,0.0002101205754459927,1.0569905585893122,12,0.002730258749846115,22.0
2016-04-06,SHORT,113.8248,-0.009284261450481465,1.0567792027487626,0.00021135584054975253,1.0567792027487626,13,,
2016-05-26,COVER,112.954,0.009284261450481465,1.0486944678776833,0.00020973889357553667,1.0646541987262663,13,0.007250433861190064,35.0
2016-08-12,SHORT,114.7302,-0.00927777786898457,1.0644413104641735,0.0002128882620928347,1.0644413104641735,14,,
2017-01-16,COVER,110.9752,0.00927777786898457,1.0296032545661364,0.0002059206509132273,1.0990734457112972,14,0.032329038880614336,107.0
2017-01-26,SHORT,109.9448,-0.009994594332576911,1.098853674976302,0.00021977073499526042,1.098853674976302,15,,
2017-07-07,COVER,107.6165,0.009994594332576911,1.0755832609917633,0.00021511665219835268,1.1219089723086424,15,0.020777070619303784,109.0
2017-08-07,SHORT,107.0736,-0.010475828172225143,1.1216846353815662,0.00022433692707631323,1.1216846353815662,16,,
2017-11-08,COVER,105.206,0.010475828172225143,1.1021199786871185,0.00022042399573742372,1.1410288680802763,16,0.0170422879605725,63.0
2017-12-05,SHORT,105.2542,-0.01083852908424261,1.1408007079386886,0.00022816014158773772,1.1408007079386886,17,,
2017-12-25,COVER,105.1191,0.01083852908424261,1.1393364226594074,0.0002278672845318815,1.1420371259334379,17,0.0008836392148938721,14.0
2018-01-23,SHORT,104.4704,-0.010929495476044907,1.1418087641806018,0.00022836175283612038,1.1418087641806018,18,,
2018-01-25,COVER,104.5461,0.010929495476044907,1.1426361269881384,0.0002285272253976277,1.1407528741476676,18,-0.0011245271774511512,2.0
2018-04-24,SHORT,107.5798,-0.010601662851147043,1.1405247691938287,0.00022810495383876575,1.1405247691938287,19,,
2018-05-23,COVER,107.1346,0.010601662851147043,1.135804908892498,0.0002271609817784996,1.145017468513381,19,0.0037384033495420077,20.0
2018-12-26,SHORT,109.9471,-0.010412175589999361,1.1447885108112188,0.00022895770216224378,1.1447885108112188,20,,
2019-01-14,COVER,111.1251,0.01041217558999936,1.157054053656238,0.0002314108107312476,1.1322915571554684,20,-0.011114163502182306,14.0
2019-04-01,SHORT,110.8973,-0.010208229994117468,1.1320651441266432,0.00022641302882532864,1.1320651441266432,21,,
2019-06-21,COVER,110.376,0.010208229994117468,1.1267435938307098,0.00022534871876614195,1.1371613457038103,21,0.004300825628847482,56.0
2019-08-01,SHORT,111.1327,-0.01023041786001805,1.136933958912028,0.0002273867917824056,1.136933958912028,22,,
2019-11-25,COVER,110.9124,0.01023041786001805,1.134680197857466,0.00022693603957149323,1.1389607839270184,22,0.0015823948202304816,78.0
2020-06-22,SHORT,112.8967,-0.010086504187629528,1.1387330373195546,0.00022774660746391093,1.1387330373195546,23,,
2020-12-15,COVER,110.0484,0.010086504187629528,1.1100036474419293,0.00022200072948838585,1.1672404264676914,23,0.024829338235130338,121.0
2021-01-27,SHORT,110.7952,-0.010533010681533847,1.167007025062679,0.0002334014050125358,1.167007025062679,24,,
2021-03-12,COVER,110.188,0.010533010681533847,1.1606113809768517,0.00023212227619537034,1.1731705468723108,24,0.005080461805598402,29.0
2021-06-08,SHORT,111.1686,-0.01055096456805586,1.1729359596803748,0.00023458719193607497,1.1729359596803748,25,,
2021-10-25,COVER,112.1405,0.01055096456805586,1.1831904421440682,0.00023663808842881365,1.1624448391282525,25,-0.009142496606868611,94.0
2021-12-30,SHORT,113.6794,-0.010223597209775233,1.1622123966489226,0.00023244247932978454,1.1622123966489226,26,,
2022-01-28,COVER,114.4623,0.010223597209775233,1.1702164509044557,0.00023404329018089114,1.1539742991032087,26,-0.007286831804764193,20.0
2022-10-26,SHORT,114.5534,-0.010071665706937814,1.1537435503931301,0.00023074871007862605,1.1537435503931301,27,,
2022-12-29,COVER,113.6287,0.010071665706937814,1.1444302811139249,0.00022888605622278498,1.1628279336161127,27,0.007672297831749386,46.0
2023-01-03,SHORT,113.76,-0.010219720591888238,1.162595414533206,0.00023251908290664123,1.162595414533206,28,,
2023-05-19,COVER,114.6328,0.010219720591888238,1.171515186665806,0.00023430303733316122,1.153441339363273,28,-0.008072212561706982,93.0
2023-09-01,SHORT,115.6797,-0.009968997993803824,1.1532106972238283,0.00023064213944476566,1.1532106972238283,29,,
2023-12-27,COVER,115.9093,0.009968997993803824,1.1554995791632057,0.00023109991583264113,1.1506907153686183,29,-0.0023847107787666744,79.0
2025-01-17,SHORT,124.0781,-0.009272068344405415,1.1504606232439696,0.00023009212464879394,1.1504606232439696,30,,
2025-04-27,COVER,123.3952,0.009272068344405415,1.144128727771575,0.00022882574555431503,1.1565636929708099,30,0.00510387154754266,66.0
