series,series_name,year,n_days,strategy_return,benchmark_return,excess_return,beat_benchmark,strategy_sharpe,benchmark_sharpe,strategy_max_drawdown,benchmark_max_drawdown,strategy_win_rate,benchmark_win_rate,relative_win_rate,trade_win_rate,n_round_trips,time_in_market
DR001,银存间质押1日,2011,131,0.007780252110431096,0.03517133941635353,-0.027391087305922435,False,1.0091940068396368,2.1724582542805138,-0.011814977012448158,-0.01859883480598501,0.183206106870229,0.5190839694656488,0.48091603053435117,1.0,1.0,0.3282442748091603
DR001,银存间质押1日,2012,249,0.02320195618098242,-0.008697410263071359,0.03189936644405378,True,2.2445228788144385,-0.5420647234018677,-0.007064257814614949,-0.024764222147121373,0.23694779116465864,0.4457831325301205,0.5502008032128514,0.75,4.0,0.40562248995983935
DR001,银存间质押1日,2013,250,0.04478935797872752,-0.07111908060064032,0.11590843857936783,True,1.9600424641916054,-2.704065757570397,-0.01791597213485996,-0.08560586276984095,0.328,0.412,0.588,0.5,2.0,0.548
DR001,银存间质押1日,2014,250,-0.0070381987452877715,0.0747530585764351,-0.08179125732172288,False,-0.529089253856236,2.2772103828427044,-0.02583279574559283,-0.02124092948603684,0.232,0.496,0.496,0.6666666666666666,3.0,0.4
DR001,银存间质押1日,2015,249,-0.02622954991545956,0.054078838626897774,-0.08030838854235733,False,-1.1133305513709695,1.7644976913430772,-0.04449218829355428,-0.028448510237796043,0.2570281124497992,0.5502008032128514,0.4497991967871486,0.5,2.0,0.5502008032128514
DR001,银存间质押1日,2016,251,0.016321973573320214,-0.015218539027269662,0.031540512600589876,True,0.6818097006295845,-0.6493414443136636,-0.02453533115509421,-0.04669357331656809,0.5179282868525896,0.4820717131474104,0.5179282868525896,,0.0,1.0
DR001,银存间质押1日,2017,251,0.0341185521039733,-0.06369038766551993,0.09780893976949323,True,1.8165390773537613,-2.7549217576733303,-0.013930292691272439,-0.0664120101934168,0.350597609561753,0.4541832669322709,0.545816733067729,0.5,2.0,0.6454183266932271
DR001,银存间质押1日,2018,252,-0.011933254763566215,0.051587290264347274,-0.06352054502791349,False,-1.2741302020736405,2.3344971625880078,-0.015556093706439733,-0.016541678552039807,0.06349206349206349,0.5634920634920635,0.4365079365079365,0.0,2.0,0.1865079365079365
DR001,银存间质押1日,2019,250,0.0022995552269389208,0.009902127401704597,-0.007602572174765676,False,0.15089397943610516,0.518561027025992,-0.019354870674056834,-0.024726035065720353,0.26,0.504,0.492,0.5,4.0,0.532
DR001,银存间质押1日,2020,249,0.03490756800672967,-0.007518568041921969,0.04242613604865164,True,1.9908769452835686,-0.22789641841570316,-0.014368458524941174,-0.06013351770840303,0.2570281124497992,0.4779116465863454,0.5220883534136547,1.0,2.0,0.42570281124497994
DR001,银存间质押1日,2021,250,-1.6101569031201635e-05,0.025940872101310797,-0.025956973670342,False,0.004760083837317824,1.4092481327962905,-0.017045367717717474,-0.016021512287767825,0.3,0.548,0.452,0.5,2.0,0.612
DR001,银存间质押1日,2022,250,0.004166999536795668,8.004074161549468e-05,0.004086958795180173,True,0.38481580529262105,0.013483579494182859,-0.006684071258724167,-0.01739946048050045,0.08,0.54,0.456,0.5,2.0,0.196
DR001,银存间质押1日,2023,250,-0.0030076145800299603,0.020428984038865394,-0.023436598618895355,False,-0.3920624074446102,1.7958774136498539,-0.009956041036351837,-0.01195990178623707,0.264,0.588,0.408,0.6666666666666666,3.0,0.592
DR001,银存间质押1日,2024,251,-0.03859116479980462,0.06684220506102267,-0.1054333698608273,False,-2.3999431357875394,2.8720803227833724,-0.03859116479980462,-0.016459179596870488,0.20318725099601595,0.6772908366533864,0.32270916334661354,0.0,1.0,0.6374501992031872
DR001,银存间质押1日,2025,248,0.005113860806981174,-0.01328493536480202,0.018398796171783194,True,0.3478958489047106,-0.6905708289063426,-0.01886290256338996,-0.025212270533807035,0.1693548387096774,0.4879032258064516,0.5120967741935484,1.0,1.0,0.32661290322580644
DR001,银存间质押1日,2026,176,-0.0059937930939428785,0.01834201362591603,-0.02433580671985891,False,-2.2339287241716588,3.330533027497417,-0.0066024712591656876,-0.003654718870280238,0.1534090909090909,0.6420454545454546,0.35795454545454547,,0.0,0.36363636363636365
DR001,银存间质押1日,全区间,3807,0.07903459234739096,0.17785585423482475,-0.09882126188743379,False,0.3212320008419017,0.47793899590742867,-0.0593651217773824,-0.09750771657091506,0.24454951405306016,0.5221959548200683,0.47622800105069607,0.5806451612903226,31.0,0.491725768321513
R001,银行间质押1日,2011,131,0.007780252110431096,0.03517133941635353,-0.027391087305922435,False,1.0091940068396368,2.1724582542805138,-0.011814977012448158,-0.01859883480598501,0.183206106870229,0.5190839694656488,0.48091603053435117,1.0,1.0,0.3282442748091603
R001,银行间质押1日,2012,249,0.02320195618098242,-0.008697410263071359,0.03189936644405378,True,2.2445228788144385,-0.5420647234018677,-0.007064257814614949,-0.024764222147121373,0.23694779116465864,0.4457831325301205,0.5502008032128514,0.75,4.0,0.40562248995983935
R001,银行间质押1日,2013,250,0.04478935797872752,-0.07111908060064032,0.11590843857936783,True,1.9600424641916054,-2.704065757570397,-0.01791597213485996,-0.08560586276984095,0.328,0.412,0.588,0.5,2.0,0.548
R001,银行间质押1日,2014,250,-0.004308539561384883,0.0747530585764351,-0.07906159813781999,False,-0.328322229463006,2.2772103828427044,-0.023142449406152288,-0.02124092948603684,0.232,0.496,0.496,0.6666666666666666,3.0,0.396
R001,银行间质押1日,2015,249,-0.04629464261659211,0.054078838626897774,-0.10037348124348988,False,-1.8334754829253486,1.7644976913430772,-0.052891144876941465,-0.028448510237796043,0.26104417670682734,0.5502008032128514,0.4497991967871486,0.0,1.0,0.606425702811245
R001,银行间质押1日,2016,251,0.023063212242023345,-0.015218539027269662,0.03828175126929301,True,1.0236382407044282,-0.6493414443136636,-0.021297047964213056,-0.04669357331656809,0.49800796812749004,0.4820717131474104,0.5139442231075697,0.0,1.0,0.9282868525896414
R001,银行间质押1日,2017,251,0.05000046712227868,-0.06369038766551993,0.11369085478779861,True,2.542405703459522,-2.7549217576733303,-0.012992596328340822,-0.0664120101934168,0.44223107569721115,0.4541832669322709,0.545816733067729,1.0,1.0,0.7888446215139442
R001,银行间质押1日,2018,252,-0.004838072650960257,0.051587290264347274,-0.05642536291530753,False,-0.5247353989335107,2.3344971625880078,-0.010216460985467246,-0.016541678552039807,0.06746031746031746,0.5634920634920635,0.4365079365079365,0.5,2.0,0.1984126984126984
R001,银行间质押1日,2019,250,0.0028667716966377377,0.009902127401704597,-0.007035355705066859,False,0.18981927425496484,0.518561027025992,-0.017983805097224415,-0.024726035065720353,0.268,0.504,0.488,0.5,4.0,0.528
R001,银行间质押1日,2020,249,0.03196030769599045,-0.007518568041921969,0.03947887573791242,True,1.7989384966118365,-0.22789641841570316,-0.014368458524941174,-0.06013351770840303,0.27309236947791166,0.4779116465863454,0.5220883534136547,1.0,1.0,0.4738955823293173
R001,银行间质押1日,2021,250,0.0012838672295030218,0.025940872101310797,-0.024657004871807775,False,0.11901536428345226,1.4092481327962905,-0.012072974851471407,-0.016021512287767825,0.212,0.548,0.452,0.6666666666666666,3.0,0.42
R001,银行间质押1日,2022,250,0.015897956311736072,8.004074161549468e-05,0.015817915570120578,True,1.213226890216522,0.013483579494182859,-0.00569106980481715,-0.01739946048050045,0.152,0.54,0.456,0.6666666666666666,3.0,0.32
R001,银行间质押1日,2023,250,-0.005758993095418274,0.020428984038865394,-0.02618797713428367,False,-0.8220891630893111,1.7958774136498539,-0.007731361187301111,-0.01195990178623707,0.232,0.588,0.408,0.0,2.0,0.532
R001,银行间质押1日,2024,251,-0.002448820553854092,0.06684220506102267,-0.06929102561487677,False,-0.5944392141617914,2.8720803227833724,-0.0063521324153403835,-0.016459179596870488,0.02390438247011952,0.6772908366533864,0.32270916334661354,0.0,1.0,0.055776892430278883
R001,银行间质押1日,2025,248,0.015613459493931003,-0.01328493536480202,0.028898394858733023,True,1.3481625606069607,-0.6905708289063426,-0.006633565308047595,-0.025212270533807035,0.0967741935483871,0.4879032258064516,0.5120967741935484,1.0,1.0,0.18548387096774194
R001,银行间质押1日,2026,176,-0.006154832951907219,0.01834201362591603,-0.02449684657782325,False,-2.685698277802758,3.330533027497417,-0.006416834423094486,-0.003654718870280238,0.11931818181818182,0.6420454545454546,0.35795454545454547,,0.0,0.3068181818181818
R001,银行间质押1日,全区间,3807,0.1525724658564689,0.17785585423482475,-0.025283388378355864,False,0.6147455832912432,0.47793899590742867,-0.07071855674258931,-0.09750771657091506,0.23010244286840031,0.5221959548200683,0.47570265300761755,0.5666666666666667,30.0,0.444969792487523
DR007,银存间质押7日,2011,131,0.01144343418605498,0.03517133941635353,-0.02372790523029855,False,1.4532724452343828,2.1724582542805138,-0.011814977012448158,-0.01859883480598501,0.22137404580152673,0.5190839694656488,0.48091603053435117,1.0,2.0,0.366412213740458
DR007,银存间质押7日,2012,249,0.027924865758216955,-0.008697410263071359,0.036622276021288314,True,2.7361169254572375,-0.5420647234018677,-0.006393610714163334,-0.024764222147121373,0.27309236947791166,0.4457831325301205,0.5542168674698795,1.0,3.0,0.42570281124497994
DR007,银存间质押7日,2013,250,0.03724214491903299,-0.07111908060064032,0.10836122551967331,True,1.6339407191236985,-2.704065757570397,-0.018072456382811852,-0.08560586276984095,0.336,0.412,0.588,0.3333333333333333,3.0,0.58
DR007,银存间质押7日,2014,250,-0.025207657041856568,0.0747530585764351,-0.09996071561829167,False,-1.8467663887676598,2.2772103828427044,-0.031132405792625106,-0.02124092948603684,0.208,0.496,0.504,0.5,2.0,0.36
DR007,银存间质押7日,2015,249,0.002747879830424349,0.054078838626897774,-0.051330958796473425,False,0.17508960454310754,1.7644976913430772,-0.02446399869234761,-0.028448510237796043,0.12449799196787148,0.5502008032128514,0.4497991967871486,0.0,1.0,0.26907630522088355
DR007,银存间质押7日,2016,251,0.03127508293282988,-0.015218539027269662,0.04649362196009954,True,1.568582565711869,-0.6493414443136636,-0.020956897978010813,-0.04669357331656809,0.36254980079681276,0.4820717131474104,0.5139442231075697,1.0,2.0,0.6175298804780877
DR007,银存间质押7日,2017,251,0.050554797135471397,-0.06369038766551993,0.11424518480099133,True,2.3170007382191757,-2.7549217576733303,-0.013870978276892099,-0.0664120101934168,0.42231075697211157,0.4541832669322709,0.545816733067729,1.0,4.0,0.7768924302788844
DR007,银存间质押7日,2018,252,-0.003197884750974156,0.051587290264347274,-0.05478517501532143,False,-0.463256299528247,2.3344971625880078,-0.009621824415777414,-0.016541678552039807,0.04365079365079365,0.5634920634920635,0.4365079365079365,0.5,2.0,0.1111111111111111
DR007,银存间质押7日,2019,250,0.0005057700972057599,0.009902127401704597,-0.009396357304498837,False,0.03913196919497943,0.518561027025992,-0.02231014799408315,-0.024726035065720353,0.292,0.504,0.492,0.6666666666666666,3.0,0.568
DR007,银存间质押7日,2020,249,0.024829338235131226,-0.007518568041921969,0.032347906277053196,True,1.4493782595192153,-0.22789641841570316,-0.014602329032156414,-0.06013351770840303,0.26907630522088355,0.4779116465863454,0.5220883534136547,1.0,1.0,0.4859437751004016
DR007,银存间质押7日,2021,250,-0.004418857834576961,0.025940872101310797,-0.030359729935887758,False,-0.29624359121514066,1.4092481327962905,-0.02474872608269152,-0.016021512287767825,0.24,0.548,0.444,0.5,2.0,0.5
DR007,银存间质押7日,2022,250,0.0006414145426130169,8.004074161549468e-05,0.0005613738009975222,True,0.0631605571462842,0.013483579494182859,-0.013634841082124538,-0.01739946048050045,0.124,0.54,0.46,0.5,2.0,0.256
DR007,银存间质押7日,2023,250,-0.01043767344816926,0.020428984038865394,-0.030866657487034654,False,-1.2598616757721837,1.7958774136498539,-0.014215481246607986,-0.01195990178623707,0.296,0.588,0.412,0.0,2.0,0.688
DR007,银存间质押7日,2024,251,0.0,0.06684220506102267,-0.06684220506102267,False,,2.8720803227833724,0.0,-0.016459179596870488,0.0,0.6772908366533864,0.32270916334661354,,0.0,0.0
DR007,银存间质押7日,2025,248,0.005103871547543104,-0.01328493536480202,0.018388806912345124,True,0.36193711749702495,-0.6905708289063426,-0.018203402932801205,-0.025212270533807035,0.13709677419354838,0.4879032258064516,0.5080645161290323,1.0,1.0,0.2661290322580645
DR007,银存间质押7日,2026,176,0.0,0.01834201362591603,-0.01834201362591603,False,,3.330533027497417,0.0,-0.003654718870280238,0.0,0.6420454545454546,0.35795454545454547,,0.0,0.0
DR007,银存间质押7日,全区间,3807,0.15656369297081252,0.17785585423482475,-0.021292161264012233,False,0.6599172833954937,0.47793899590742867,-0.05325139466253004,-0.09750771657091506,0.21302863146834777,0.5221959548200683,0.47649067507223536,0.6666666666666666,30.0,0.40031520882584715
R007,银行间质押7日,2011,131,0.01144343418605498,0.03517133941635353,-0.02372790523029855,False,1.4532724452343828,2.1724582542805138,-0.011814977012448158,-0.01859883480598501,0.22137404580152673,0.5190839694656488,0.48091603053435117,1.0,2.0,0.366412213740458
R007,银行间质押7日,2012,249,0.027924865758216955,-0.008697410263071359,0.036622276021288314,True,2.7361169254572375,-0.5420647234018677,-0.006393610714163334,-0.024764222147121373,0.27309236947791166,0.4457831325301205,0.5542168674698795,1.0,3.0,0.42570281124497994
R007,银行间质押7日,2013,250,0.03724214491903299,-0.07111908060064032,0.10836122551967331,True,1.6339407191236985,-2.704065757570397,-0.018072456382811852,-0.08560586276984095,0.336,0.412,0.588,0.3333333333333333,3.0,0.58
R007,银行间质押7日,2014,250,-0.025207657041856568,0.0747530585764351,-0.09996071561829167,False,-1.8467663887676598,2.2772103828427044,-0.031132405792625106,-0.02124092948603684,0.208,0.496,0.504,0.5,2.0,0.36
R007,银行间质押7日,2015,249,0.0008458798868242745,0.054078838626897774,-0.0532329587400735,False,0.05937674475517833,1.7644976913430772,-0.02446399869234761,-0.028448510237796043,0.12449799196787148,0.5502008032128514,0.4497991967871486,0.0,1.0,0.27309236947791166
R007,银行间质押7日,2016,251,0.02365438702964573,-0.015218539027269662,0.03887292605691539,True,1.1482087961730096,-0.6493414443136636,-0.021290503314968512,-0.04669357331656809,0.4103585657370518,0.4820717131474104,0.5139442231075697,1.0,2.0,0.7649402390438247
R007,银行间质押7日,2017,251,0.06142025204066459,-0.06369038766551993,0.12511063970618452,True,2.7830528900325295,-2.7549217576733303,-0.010794578590369919,-0.0664120101934168,0.4262948207171315,0.4541832669322709,0.545816733067729,0.6,5.0,0.7649402390438247
R007,银行间质押7日,2018,252,-0.003179994858082069,0.051587290264347274,-0.05476728512242934,False,-0.33837079058625497,2.3344971625880078,-0.01606429762000905,-0.016541678552039807,0.10317460317460317,0.5634920634920635,0.4365079365079365,0.6666666666666666,3.0,0.23015873015873015
R007,银行间质押7日,2019,250,-0.0028661584007554364,0.009902127401704597,-0.012768285802460033,False,-0.18374365160704073,0.518561027025992,-0.025060549976272717,-0.024726035065720353,0.256,0.504,0.492,0.3333333333333333,3.0,0.504
R007,银行间质押7日,2020,249,0.020364215794704155,-0.007518568041921969,0.027882783836626124,True,1.1732000097051154,-0.22789641841570316,-0.014516877281565033,-0.06013351770840303,0.27309236947791166,0.4779116465863454,0.5220883534136547,1.0,1.0,0.5100401606425703
R007,银行间质押7日,2021,250,-0.0093966965173089,0.025940872101310797,-0.0353375686186197,False,-0.973390084796324,1.4092481327962905,-0.012714451266239046,-0.016021512287767825,0.072,0.548,0.452,0.3333333333333333,3.0,0.172
R007,银行间质押7日,2022,250,0.007482823870156752,8.004074161549468e-05,0.007402783128541257,True,0.6225536801792121,0.013483579494182859,-0.011541979630248389,-0.01739946048050045,0.144,0.54,0.46,0.0,1.0,0.304
R007,银行间质押7日,2023,250,-0.016803449218110278,0.020428984038865394,-0.03723243325697567,False,-2.2312930936935556,1.7958774136498539,-0.02019100785812722,-0.01195990178623707,0.248,0.588,0.404,0.3333333333333333,3.0,0.616
R007,银行间质押7日,2024,251,-0.018578638853565144,0.06684220506102267,-0.08542084391458782,False,-3.2287478685312685,2.8720803227833724,-0.019560314467833906,-0.016459179596870488,0.0398406374501992,0.6772908366533864,0.32270916334661354,0.0,2.0,0.14342629482071714
R007,银行间质押7日,2025,248,0.02154630910569555,-0.01328493536480202,0.03483124447049757,True,1.9658570093420458,-0.6905708289063426,-0.004150591093663891,-0.025212270533807035,0.08870967741935484,0.4879032258064516,0.5120967741935484,1.0,1.0,0.15725806451612903
R007,银行间质押7日,2026,176,-0.0008184613142385722,0.01834201362591603,-0.019160474940154604,False,-0.29863299949661665,3.330533027497417,-0.0042577828773537885,-0.003654718870280238,0.09659090909090909,0.6420454545454546,0.35795454545454547,0.0,1.0,0.2215909090909091
R007,银行间质押7日,全区间,3807,0.13963116948258048,0.17785585423482475,-0.038224684752244276,False,0.6026821513454336,0.47793899590742867,-0.05325139466253004,-0.09750771657091506,0.209351195166798,0.5221959548200683,0.47675334909377465,0.5277777777777778,36.0,0.40425531914893614
M0017139,SHIBOR:1周,2011,131,0.005197787490290873,0.03517133941635353,-0.029973551926062658,False,0.6893370480708776,2.1724582542805138,-0.011814977012448158,-0.01859883480598501,0.16793893129770993,0.5190839694656488,0.48091603053435117,1.0,1.0,0.31297709923664124
M0017139,SHIBOR:1周,2012,249,0.03180324366381848,-0.008697410263071359,0.04050065392688984,True,3.0807431347045897,-0.5420647234018677,-0.006256138439104553,-0.024764222147121373,0.2971887550200803,0.4457831325301205,0.5502008032128514,1.0,2.0,0.4578313253012048
M0017139,SHIBOR:1周,2013,250,0.025754289932463648,-0.07111908060064032,0.09687337053310396,True,1.479741936649025,-2.704065757570397,-0.011018475168365627,-0.08560586276984095,0.28,0.412,0.584,0.25,4.0,0.496
M0017139,SHIBOR:1周,2014,250,-0.025974450856184217,0.0747530585764351,-0.10072750943261932,False,-2.053708732254854,2.2772103828427044,-0.03181856865832178,-0.02124092948603684,0.18,0.496,0.504,0.0,2.0,0.32
M0017139,SHIBOR:1周,2015,249,0.000840922080324713,0.054078838626897774,-0.05323791654657306,False,0.05933003495719568,1.7644976913430772,-0.024320702295066665,-0.028448510237796043,0.12449799196787148,0.5502008032128514,0.4497991967871486,0.0,1.0,0.27309236947791166
M0017139,SHIBOR:1周,2016,251,0.01705859462611481,-0.015218539027269662,0.03227713365338447,True,0.9665464072853854,-0.6493414443136636,-0.02112199213736332,-0.04669357331656809,0.14741035856573706,0.4820717131474104,0.5179282868525896,,0.0,0.2549800796812749
M0017139,SHIBOR:1周,2017,251,0.06152885234985317,-0.06369038766551993,0.1252192400153731,True,2.8068625368413933,-2.7549217576733303,-0.012888595458850904,-0.0664120101934168,0.545816733067729,0.4541832669322709,0.545816733067729,,0.0,1.0
M0017139,SHIBOR:1周,2018,252,-0.0188163529780766,0.051587290264347274,-0.07040364324242387,False,-1.5073436401636633,2.3344971625880078,-0.027988679424750362,-0.016541678552039807,0.16666666666666666,0.5634920634920635,0.4365079365079365,1.0,1.0,0.39285714285714285
M0017139,SHIBOR:1周,2019,250,-0.006907708408912749,0.009902127401704597,-0.016809835810617346,False,-0.49994839498075333,0.518561027025992,-0.01607836945056418,-0.024726035065720353,0.292,0.504,0.496,0.3333333333333333,3.0,0.584
M0017139,SHIBOR:1周,2020,249,0.014648965354570498,-0.007518568041921969,0.022167533396492467,True,0.9994615084628068,-0.22789641841570316,-0.012832227065716628,-0.06013351770840303,0.24096385542168675,0.4779116465863454,0.5220883534136547,1.0,1.0,0.4457831325301205
M0017139,SHIBOR:1周,2021,250,0.0037691077139572204,0.025940872101310797,-0.022171764387353576,False,0.7415801341544996,1.4092481327962905,-0.00359978568216901,-0.016021512287767825,0.056,0.548,0.452,1.0,1.0,0.104
M0017139,SHIBOR:1周,2022,250,0.008489814799675477,8.004074161549468e-05,0.008409774058059982,True,0.9023203566454503,0.013483579494182859,-0.0042909734586416,-0.01739946048050045,0.1,0.54,0.46,,0.0,0.192
M0017139,SHIBOR:1周,2023,250,-0.019078666590810478,0.020428984038865394,-0.03950765062967587,False,-2.9618891207236624,1.7958774136498539,-0.022458386073680225,-0.01195990178623707,0.228,0.588,0.412,0.0,2.0,0.572
M0017139,SHIBOR:1周,2024,251,0.0,0.06684220506102267,-0.06684220506102267,False,,2.8720803227833724,0.0,-0.016459179596870488,0.0,0.6772908366533864,0.32270916334661354,,0.0,0.0
M0017139,SHIBOR:1周,2025,248,0.00444191056345189,-0.01328493536480202,0.01772684592825391,True,0.3171710729017526,-0.6905708289063426,-0.018201335463933876,-0.025212270533807035,0.13709677419354838,0.4879032258064516,0.5120967741935484,1.0,1.0,0.2620967741935484
M0017139,SHIBOR:1周,2026,176,0.0,0.01834201362591603,-0.01834201362591603,False,,3.330533027497417,0.0,-0.003654718870280238,0.0,0.6420454545454546,0.35795454545454547,,0.0,0.0
M0017139,SHIBOR:1周,全区间,3807,0.1041422062813242,0.17785585423482475,-0.07371364795350055,False,0.499641656606926,0.47793899590742867,-0.05257830107960615,-0.09750771657091506,0.1893879695298135,0.5221959548200683,0.47727869713685317,0.47368421052631576,19.0,0.3624901497241923
