方向,direction,口径,年份,年度收益,年内最大回撤
多空双向,long_short,打分综合,2011,0.05159614969378046,-0.017100082885496914
多空双向,long_short,打分综合,2012,0.05945292136786229,-0.0069351145245774015
多空双向,long_short,打分综合,2013,0.0010219961953370493,-0.05734121963152128
多空双向,long_short,打分综合,2014,0.027758710368795514,-0.03044658474971962
多空双向,long_short,打分综合,2015,0.055843555225906005,-0.024320702295066776
多空双向,long_short,打分综合,2016,0.03311622387856761,-0.021290503314968734
多空双向,long_short,打分综合,2017,0.06167635280833772,-0.012988708956216954
多空双向,long_short,打分综合,2018,0.039710760123100375,-0.016541678552039585
多空双向,long_short,打分综合,2019,0.025263863051792512,-0.014107055598992613
多空双向,long_short,打分综合,2020,0.04233009271333632,-0.0368670906347317
多空双向,long_short,打分综合,2021,0.03750563354261516,-0.009883862252530795
多空双向,long_short,打分综合,2022,0.013781245021674104,-0.012358290356279333
多空双向,long_short,打分综合,2023,0.008891241654578774,-0.01020605407384012
多空双向,long_short,打分综合,2024,0.06684220506102201,-0.016459179596870488
多空双向,long_short,打分综合,2025,-0.0031590849307318036,-0.02776148301118797
多空双向,long_short,打分综合,2026,0.01834201362591692,-0.003654718870279794
多空双向,long_short,等权组合,2011,0.053582134296127126,-0.01811303486896465
多空双向,long_short,等权组合,2012,0.045558383418234705,-0.0069351145245774015
多空双向,long_short,等权组合,2013,0.00223691102245116,-0.047787642914914774
多空双向,long_short,等权组合,2014,0.03776986484807687,-0.025364612200977077
多空双向,long_short,等权组合,2015,0.025704850483486696,-0.01894886965308007
多空双向,long_short,等权组合,2016,0.02923732165081705,-0.0214654384758608
多空双向,long_short,等权组合,2017,0.038348180145521216,-0.012158167208074167
多空双向,long_short,等权组合,2018,0.03370288553432421,-0.016541678552039585
多空双向,long_short,等权组合,2019,0.008367013871685147,-0.011109056318120425
多空双向,long_short,等权组合,2020,0.04404480205194217,-0.030966774784626727
多空双向,long_short,等权组合,2021,0.022136923112388907,-0.004749637876779511
多空双向,long_short,等权组合,2022,0.0148292193106907,-0.010286271580129291
多空双向,long_short,等权组合,2023,-0.0018229487438635728,-0.009382255414305707
多空双向,long_short,等权组合,2024,0.04227219024050832,-0.016459179596870488
多空双向,long_short,等权组合,2025,0.007672582158380736,-0.0176962401928501
多空双向,long_short,等权组合,2026,0.013129443749531955,-0.003385511496447613
多空双向,long_short,DR001,2011,0.05159614969378046,-0.017100082885496914
多空双向,long_short,DR001,2012,0.038161305795879175,-0.00891548440937695
多空双向,long_short,DR001,2013,0.0158342353839398,-0.04812088178194274
多空双向,long_short,DR001,2014,0.05971323133526374,-0.023637828146223838
多空双向,long_short,DR001,2015,0.0013273256990602444,-0.03779710275147374
多空双向,long_short,DR001,2016,0.016321973573320436,-0.02453533115509432
多空双向,long_short,DR001,2017,0.0015127515157740135,-0.031814785198166606
多空双向,long_short,DR001,2018,0.026689638193603482,-0.016573624738155268
多空双向,long_short,DR001,2019,0.014677097469220524,-0.014187651262594247
多空双向,long_short,DR001,2020,0.0639374271939166,-0.029160733593446175
多空双向,long_short,DR001,2021,0.026100300355193617,-0.01704536771771681
多空双向,long_short,DR001,2022,0.008557467585970535,-0.02311813824925668
多空双向,long_short,DR001,2023,0.014325285639114504,-0.010220727103487315
多空双向,long_short,DR001,2024,-0.0124542657338097,-0.05460363086114406
多空双向,long_short,DR001,2025,-0.0031391647819374313,-0.026518031830663036
多空双向,long_short,DR001,2026,0.0062048855272762715,-0.008001159206291297
多空双向,long_short,R001,2011,0.05159614969378046,-0.017100082885496914
多空双向,long_short,R001,2012,0.038161305795879175,-0.00891548440937695
多空双向,long_short,R001,2013,0.0158342353839398,-0.04812088178194274
多空双向,long_short,R001,2014,0.06552670982703979,-0.02124092948603684
多空双向,long_short,R001,2015,-0.039891668505732,-0.0465324582736113
多空双向,long_short,R001,2016,0.03029243829481776,-0.021297047964212834
多空双向,long_short,R001,2017,0.036311538663128085,-0.02131936925455702
多空双向,long_short,R001,2018,0.04145341667274849,-0.016541678552039585
多空双向,long_short,R001,2019,0.015882665608831337,-0.014494818920581798
多空双向,long_short,R001,2020,0.058029934866564936,-0.029160733593446064
多空双向,long_short,R001,2021,0.028591932646553797,-0.009539191708251127
多空双向,long_short,R001,2022,0.032307155680993516,-0.01028627158012918
多空双向,long_short,R001,2023,0.00873965659592657,-0.01125733914461502
多空双向,long_short,R001,2024,0.061628921115446156,-0.019024534592713804
多空双向,long_short,R001,2025,0.018022309636239076,-0.014694012757379582
多空双向,long_short,R001,2026,0.005880783545227031,-0.008320769603334943
多空双向,long_short,DR007,2011,0.05927048269081214,-0.017100082885496914
多空双向,long_short,DR007,2012,0.047745562579765366,-0.008315446728021092
多空双向,long_short,DR007,2013,0.0010219961953366052,-0.05734121963152128
多空双向,long_short,DR007,2014,0.021734889619527742,-0.030446584749719285
多空双向,long_short,DR007,2015,0.05983937664348504,-0.0244639986923475
多空双向,long_short,DR007,2016,0.04788397785002796,-0.02095689797801037
多空双向,long_short,DR007,2017,0.03476384901408314,-0.01819784120957202
多空双向,long_short,DR007,2018,0.04492200986383743,-0.016541678552039585
多空双向,long_short,DR007,2019,0.011036413064358985,-0.016001119977727574
多空双向,long_short,DR007,2020,0.04303225086354967,-0.0368670906347317
多空双向,long_short,DR007,2021,0.01700354916683522,-0.02728868504536397
多空双向,long_short,DR007,2022,0.0014757349954230836,-0.01995393843788218
多空双向,long_short,DR007,2023,-0.0006950087678887495,-0.013175589307539481
多空双向,long_short,DR007,2024,0.06684220506102201,-0.016459179596870488
多空双向,long_short,DR007,2025,-0.0031590849307319147,-0.027761483011188193
多空双向,long_short,DR007,2026,0.01834201362591692,-0.003654718870279905
多空双向,long_short,R007,2011,0.05927048269081214,-0.017100082885496914
多空双向,long_short,R007,2012,0.047745562579765366,-0.008315446728021092
多空双向,long_short,R007,2013,0.0010219961953366052,-0.05734121963152128
多空双向,long_short,R007,2014,0.021734889619527742,-0.030446584749719285
多空双向,long_short,R007,2015,0.05584878549569661,-0.0244639986923475
多空双向,long_short,R007,2016,0.032166607814471115,-0.021290503314968734
多空双向,long_short,R007,2017,0.05733039875351986,-0.013269145515557024
多空双向,long_short,R007,2018,0.04502939273615869,-0.01826976755024845
多空双向,long_short,R007,2019,0.004465468854588206,-0.026621104099961657
多空双向,long_short,R007,2020,0.03424234526516723,-0.03311897161206534
多空双向,long_short,R007,2021,0.006930716628944511,-0.020288337032812076
多空双向,long_short,R007,2022,0.015182922317913183,-0.011541979630248389
多空双向,long_short,R007,2023,-0.013455542993027314,-0.021038248451994757
多空双向,long_short,R007,2024,0.02789377348278621,-0.024580474433314348
多空双向,long_short,R007,2025,0.03018060252574939,-0.014694012757379582
多空双向,long_short,R007,2026,0.016676097117894306,-0.004456891499054039
多空双向,long_short,M0017139,2011,0.04617740671145065,-0.022164842802835594
多空双向,long_short,M0017139,2012,0.05600006182851214,-0.0069351145245774015
多空双向,long_short,M0017139,2013,-0.022195813732642455,-0.0708091544358932
多空双向,long_short,M0017139,2014,0.019728444895719566,-0.026796419798964854
多空双向,long_short,M0017139,2015,0.055843555225906005,-0.024320702295066776
多空双向,long_short,M0017139,2016,0.018969592186764084,-0.021121992137363765
多空双向,long_short,M0017139,2017,0.06152885234985361,-0.012888595458851237
多空双向,long_short,M0017139,2018,0.009508067349263571,-0.029393624171138777
多空双向,long_short,M0017139,2019,-0.003874731613461635,-0.03286345962947046
多空双向,long_short,M0017139,2020,0.021997453031858516,-0.055299793324359525
多空双向,long_short,M0017139,2021,0.03370545974935735,-0.01602151228776727
多空双向,long_short,M0017139,2022,0.017209913914416397,-0.012822110754239224
多空双向,long_short,M0017139,2023,-0.018123397296068045,-0.021928085351191506
多空双向,long_short,M0017139,2024,0.06684220506102179,-0.016459179596870377
多空双向,long_short,M0017139,2025,-0.004478247546442327,-0.02915836500181057
多空双向,long_short,M0017139,2026,0.01834201362591692,-0.003654718870279794
多空双向,long_short,基准 买入持有,2011,0.0351713394163522,-0.018598834805985343
多空双向,long_short,基准 买入持有,2012,-0.008697410263072025,-0.024764222147121706
多空双向,long_short,基准 买入持有,2013,-0.07111908060064054,-0.08560586276984083
多空双向,long_short,基准 买入持有,2014,0.0747530585764331,-0.02124092948603684
多空双向,long_short,基准 买入持有,2015,0.054078838626896886,-0.028448510237796265
多空双向,long_short,基准 买入持有,2016,-0.01521853902726944,-0.04669357331656887
多空双向,long_short,基准 买入持有,2017,-0.06369038766551993,-0.07083260233983224
多空双向,long_short,基准 买入持有,2018,0.05158729026434683,-0.016541678552039585
多空双向,long_short,基准 买入持有,2019,0.009902127401704375,-0.02472603506572013
多空双向,long_short,基准 买入持有,2020,-0.007518568041921081,-0.06013351770840292
多空双向,long_short,基准 买入持有,2021,0.02594087210131235,-0.01602151228776738
多空双向,long_short,基准 买入持有,2022,8.004074161727104e-05,-0.01739946048050023
多空双向,long_short,基准 买入持有,2023,0.020428984038866727,-0.01195990178623696
多空双向,long_short,基准 买入持有,2024,0.06684220506102179,-0.016459179596870488
多空双向,long_short,基准 买入持有,2025,-0.013284935364798356,-0.025212270533806147
多空双向,long_short,基准 买入持有,2026,0.01834201362591692,-0.003654718870279794
仅做多,long_only,打分综合,2011,0.04347763065568366,-0.009582900048941911
仅做多,long_only,打分综合,2012,0.025049569234073532,-0.0069351145245776236
仅做多,long_only,打分综合,2013,-0.0349196654813162,-0.04272540082388143
仅做多,long_only,打分综合,2014,0.051220443195366006,-0.02124092948603684
仅做多,long_only,打分综合,2015,0.054956419079321694,-0.01864444555630851
仅做多,long_only,打分综合,2016,0.008782125611515701,-0.006776699103265282
仅做多,long_only,打分综合,2017,-0.0002104709837115193,-0.008266638784860336
仅做多,long_only,打分综合,2018,0.04565836685599689,-0.016541678552039585
仅做多,long_only,打分综合,2019,0.017681190427245808,-0.00986766385275073
仅做多,long_only,打分综合,2020,0.01744463373034688,-0.03395538470997195
仅做多,long_only,打分综合,2021,0.03174503680788909,-0.008695258563414243
仅做多,long_only,打分综合,2022,0.006944283407035012,-0.011275228717089192
仅做多,long_only,打分综合,2023,0.014658877498275213,-0.005337351066777463
仅做多,long_only,打分综合,2024,0.06684220506102201,-0.016459179596870377
仅做多,long_only,打分综合,2025,-0.008220997562721655,-0.015611803167134175
仅做多,long_only,打分综合,2026,0.01834201362591692,-0.003654718870279794
仅做多,long_only,等权组合,2011,0.044458969728091935,-0.010097323062467134
仅做多,long_only,等权组合,2012,0.018249956293404646,-0.0069351145245774015
仅做多,long_only,等权组合,2013,-0.03441929188690751,-0.044956071041557855
仅做多,long_only,等权组合,2014,0.056141894657677494,-0.02124092948603684
仅做多,long_only,等权组合,2015,0.040150047230361974,-0.01864444555630851
仅做多,long_only,等权组合,2016,0.00670092109487519,-0.006544728549201961
仅做多,long_only,等权组合,2017,-0.012686057805123885,-0.017434207754989606
仅做多,long_only,等权组合,2018,0.042265160857439366,-0.016541678552039696
仅做多,long_only,等权组合,2019,0.009235132125335221,-0.011434162699938133
仅做多,long_only,等权组合,2020,0.018335046732848914,-0.031760677667669324
仅做多,long_only,等权组合,2021,0.024160317573744816,-0.00927947826741815
仅做多,long_only,等权组合,2022,0.0075036461569051305,-0.01028627158012918
仅做多,long_only,等权组合,2023,0.009244460133827959,-0.0063971795767938655
仅做多,long_only,等权组合,2024,0.054523917463760174,-0.016459179596870488
仅做多,long_only,等权组合,2025,-0.002846641114234938,-0.0144344260374063
仅做多,long_only,等权组合,2026,0.015724398724874522,-0.003385511496447613
仅做多,long_only,DR001,2011,0.04347763065568366,-0.009582900048941911
仅做多,long_only,DR001,2012,0.014620133908590294,-0.0069351145245775125
仅做多,long_only,DR001,2013,-0.027713837601489932,-0.0378280757383499
仅做多,long_only,DR001,2014,0.06722456996452975,-0.02124092948603684
仅做多,long_only,DR001,2015,0.028299149570751636,-0.01864444555630862
仅做多,long_only,DR001,2016,0.0,0.0
仅做多,long_only,DR001,2017,-0.03153004123353198,-0.04002884544846075
仅做多,long_only,DR001,2018,0.039089356203287684,-0.016541678552039585
仅做多,long_only,DR001,2019,0.012349144702035408,-0.011418458875451565
仅做多,long_only,DR001,2020,0.028050678229264214,-0.029160733593446064
仅做多,long_only,DR001,2021,0.02611682244604485,-0.005726828656706373
仅做多,long_only,DR001,2022,0.004372248890074815,-0.017784668963102046
仅做多,long_only,DR001,2023,0.017385188164544596,-0.005407218983396356
仅做多,long_only,DR001,2024,0.027186040016526913,-0.01665521001583603
仅做多,long_only,DR001,2025,-0.008211035496309749,-0.015601915338728789
仅做多,long_only,DR001,2026,0.012272235863786785,-0.003654718870279905
仅做多,long_only,R001,2011,0.04347763065568366,-0.009582900048941911
仅做多,long_only,R001,2012,0.014620133908590294,-0.0069351145245775125
仅做多,long_only,R001,2013,-0.027713837601489932,-0.0378280757383499
仅做多,long_only,R001,2014,0.07013743932047212,-0.02124092948603684
仅做多,long_only,R001,2015,0.006713786455416315,-0.01864444555630862
仅做多,long_only,R001,2016,0.007066255502386154,-0.0010078021191484154
仅做多,long_only,R001,2017,-0.013037068923090755,-0.020565669544592935
仅做多,long_only,R001,2018,0.04651653972235659,-0.016541678552039474
仅做多,long_only,R001,2019,0.012978686979698617,-0.01119110815919877
仅做多,long_only,R001,2020,0.025262238262612646,-0.029160733593446286
仅做多,long_only,R001,2021,0.02727305044134032,-0.01040176067274512
仅做多,long_only,R001,2022,0.016152409075445906,-0.01028627158012907
仅做多,long_only,R001,2023,0.014582630962371335,-0.00562013902447589
仅做多,long_only,R001,2024,0.06423504175983963,-0.016459179596870377
仅做多,long_only,R001,2025,0.0023718178602201156,-0.014694012757379582
仅做多,long_only,R001,2026,0.012110152462563972,-0.003654718870279905
仅做多,long_only,DR007,2011,0.0472859350194359,-0.009582900048941911
仅做多,long_only,DR007,2012,0.01928224278038715,-0.0069351145245776236
仅做多,long_only,DR007,2013,-0.03491966548131609,-0.042725400823881654
仅做多,long_only,DR007,2014,0.048156458142592395,-0.02124092948603684
仅做多,long_only,DR007,2015,0.056935046148106405,-0.01864444555630851
仅做多,long_only,DR007,2016,0.01610520334687493,-0.008953049732150942
仅做多,long_only,DR007,2017,-0.015031056128101516,-0.02340851013367984
仅做多,long_only,DR007,2018,0.04827427016724295,-0.016541678552039585
仅做多,long_only,DR007,2019,0.010525319575250158,-0.00986766385275073
仅做多,long_only,DR007,2020,0.017761896492704654,-0.033654149661845656
仅做多,long_only,DR007,2021,0.021517489729484973,-0.005791803351393954
仅做多,long_only,DR007,2022,0.0008337856505682417,-0.011275228717089192
仅做多,long_only,DR007,2023,0.009845428043153026,-0.005337351066777574
仅做多,long_only,DR007,2024,0.06684220506102201,-0.016459179596870488
仅做多,long_only,DR007,2025,-0.008220997562721766,-0.015611803167133953
仅做多,long_only,DR007,2026,0.01834201362591692,-0.003654718870279794
仅做多,long_only,R007,2011,0.0472859350194359,-0.009582900048941911
仅做多,long_only,R007,2012,0.01928224278038715,-0.0069351145245776236
仅做多,long_only,R007,2013,-0.03491966548131609,-0.042725400823881654
仅做多,long_only,R007,2014,0.048156458142592395,-0.02124092948603684
仅做多,long_only,R007,2015,0.054956419079321694,-0.018644445556308398
仅做多,long_only,R007,2016,0.00831552220425169,-0.007236105911342383
仅做多,long_only,R007,2017,-0.00385318942170354,-0.013529242742266523
仅做多,long_only,R007,2018,0.04836318226516423,-0.016541678552039585
仅做多,long_only,R007,2019,0.007352701261833294,-0.013576531042426176
仅做多,long_only,R007,2020,0.013601152662584326,-0.03311897161206523
仅做多,long_only,R007,2021,0.016482292244383467,-0.01602151228776727
仅做多,long_only,R007,2022,0.007642907913979702,-0.01028627158012907
仅做多,long_only,R007,2023,0.003405124054210562,-0.01171540048280395
仅做多,long_only,R007,2024,0.04735215084585587,-0.016459179596870377
仅做多,long_only,R007,2025,0.00845218013426452,-0.014694012757379582
仅做多,long_only,R007,2026,0.017508888780254805,-0.003385511496447724
仅做多,long_only,M0017139,2011,0.04076771729022055,-0.012155015116568135
仅做多,long_only,M0017139,2012,0.023451000288363,-0.0069351145245774015
仅做多,long_only,M0017139,2013,-0.04674618876638004,-0.06686572793233081
仅做多,long_only,M0017139,2014,0.04692166010642973,-0.021240929486036952
仅做多,long_only,M0017139,2015,0.05495641907932147,-0.01864444555630862
仅做多,long_only,M0017139,2016,0.0018789453928687028,-0.017630049224096167
仅做多,long_only,M0017139,2017,0.0,0.0
仅做多,long_only,M0017139,2018,0.02886760334144345,-0.016541678552039474
仅做多,long_only,M0017139,2019,0.0030540734442627837,-0.02472603506572013
仅做多,long_only,M0017139,2020,0.007242394097076055,-0.04591384749303018
仅做多,long_only,M0017139,2021,0.029823942384100022,-0.01602151228776727
仅做多,long_only,M0017139,2022,0.00864669031533416,-0.012822110754239113
仅做多,long_only,M0017139,2023,0.0009738490358082164,-0.01195990178623696
仅做多,long_only,M0017139,2024,0.06684220506102201,-0.016459179596870488
仅做多,long_only,M0017139,2025,-0.008880710786838386,-0.016266600162754163
仅做多,long_only,M0017139,2026,0.01834201362591692,-0.003654718870279905
仅做多,long_only,基准 买入持有,2011,0.0351713394163522,-0.018598834805985343
仅做多,long_only,基准 买入持有,2012,-0.008697410263072025,-0.024764222147121706
仅做多,long_only,基准 买入持有,2013,-0.07111908060064054,-0.08560586276984083
仅做多,long_only,基准 买入持有,2014,0.0747530585764331,-0.02124092948603684
仅做多,long_only,基准 买入持有,2015,0.054078838626896886,-0.028448510237796265
仅做多,long_only,基准 买入持有,2016,-0.01521853902726944,-0.04669357331656887
仅做多,long_only,基准 买入持有,2017,-0.06369038766551993,-0.07083260233983224
仅做多,long_only,基准 买入持有,2018,0.05158729026434683,-0.016541678552039585
仅做多,long_only,基准 买入持有,2019,0.009902127401704375,-0.02472603506572013
仅做多,long_only,基准 买入持有,2020,-0.007518568041921081,-0.06013351770840292
仅做多,long_only,基准 买入持有,2021,0.02594087210131235,-0.01602151228776738
仅做多,long_only,基准 买入持有,2022,8.004074161727104e-05,-0.01739946048050023
仅做多,long_only,基准 买入持有,2023,0.020428984038866727,-0.01195990178623696
仅做多,long_only,基准 买入持有,2024,0.06684220506102179,-0.016459179596870488
仅做多,long_only,基准 买入持有,2025,-0.013284935364798356,-0.025212270533806147
仅做多,long_only,基准 买入持有,2026,0.01834201362591692,-0.003654718870279794
仅做空,short_only,打分综合,2011,0.007780252110431318,-0.011814977012448158
仅做空,short_only,打分综合,2012,0.033562622888076765,-0.006326585926020867
仅做空,short_only,打分综合,2013,0.03724214491903188,-0.018072456382812185
仅做空,short_only,打分综合,2014,-0.022318565985317007,-0.028247582320183207
仅做空,short_only,打分综合,2015,0.0008409220803249351,-0.024320702295066665
仅做空,short_only,打分综合,2016,0.024122253605852517,-0.021290503314968956
仅做空,short_only,打分综合,2017,0.06189985191477354,-0.012988708956216954
仅做空,short_only,打分综合,2018,-0.005687906223884376,-0.013159371056254754
仅做空,short_only,打分综合,2019,0.007450931289555651,-0.018617976861431962
仅做空,short_only,打分综合,2020,0.024458784446825144,-0.014602329032156747
仅做空,short_only,打分综合,2021,0.005583352988591583,-0.0077439296258314805
仅做空,short_only,打分综合,2022,0.006789811241100896,-0.004604472754002553
仅做空,short_only,打分综合,2023,-0.005684310236280576,-0.010008095284654739
仅做空,short_only,打分综合,2024,0.0,0.0
仅做空,short_only,打分综合,2025,0.00510387154754266,-0.018203402932801094
仅做空,short_only,打分综合,2026,0.0,0.0
仅做空,short_only,等权组合,2011,0.00872903201665265,-0.011814977012448158
仅做空,short_only,等权组合,2012,0.02681043900123581,-0.004650688696236638
仅做空,short_only,等权组合,2013,0.0379469308766518,-0.014467163458525834
仅做空,short_only,等权组合,2014,-0.017529205111913138,-0.023463885739179458
仅做空,short_only,等权组合,2015,-0.01383611013675945,-0.022330626769982098
仅做空,short_only,等权组合,2016,0.02230061998513766,-0.02146804151526871
仅做空,short_only,等权组合,2017,0.05154953789978678,-0.012886732183167715
仅做空,short_only,等权组合,2018,-0.008348001073005817,-0.011390846113695452
仅做空,short_only,等权组合,2019,-0.0008387145416528519,-0.019497258021206387
仅做空,short_only,等权组合,2020,0.025292219387184955,-0.014062763932143785
仅做空,short_only,等权组合,2021,-0.0018363930755830316,-0.013574636634537729
仅做空,short_only,等权组合,2022,0.007304022074014149,-0.005422307834844542
仅做空,short_only,等权组合,2023,-0.011013104174965482,-0.013112767636008438
仅做空,short_only,等权组合,2024,-0.011898045387864875,-0.012886872714735098
仅做空,short_only,等权组合,2025,0.010408102529397611,-0.012368775955027278
仅做空,short_only,等权组合,2026,-0.0025817379276378283,-0.0033812452174287744
仅做空,short_only,DR001,2011,0.007780252110431318,-0.011814977012448158
仅做空,short_only,DR001,2012,0.023201956180982197,-0.007064257814615171
仅做空,short_only,DR001,2013,0.04478935797872685,-0.017915972134859848
仅做空,short_only,DR001,2014,-0.007038198745289215,-0.025832795745593384
仅做空,short_only,DR001,2015,-0.026229549915460115,-0.04449218829355406
仅做空,short_only,DR001,2016,0.016321973573320436,-0.024535331155094098
仅做空,short_only,DR001,2017,0.03411855210397263,-0.013930292691272328
仅做空,short_only,DR001,2018,-0.011933254763566326,-0.015556093706439733
仅做空,short_only,DR001,2019,0.0022995552269378106,-0.019354870674057056
仅做空,short_only,DR001,2020,0.03490756800672945,-0.014368458524941397
仅做空,short_only,DR001,2021,-1.6101569031756746e-05,-0.01704536771771692
仅做空,short_only,DR001,2022,0.00416699953679589,-0.006684071258723834
仅做空,short_only,DR001,2023,-0.0030076145800301823,-0.009956041036352392
仅做空,short_only,DR001,2024,-0.03859116479980429,-0.03859116479980429
仅做空,short_only,DR001,2025,0.005113860806981618,-0.018862902563389627
仅做空,short_only,DR001,2026,-0.0059937930939428785,-0.0066024712591654655
仅做空,short_only,R001,2011,0.007780252110431318,-0.011814977012448158
仅做空,short_only,R001,2012,0.023201956180982197,-0.007064257814615171
仅做空,short_only,R001,2013,0.04478935797872685,-0.017915972134859848
仅做空,short_only,R001,2014,-0.004308539561386215,-0.02314244940615262
仅做空,short_only,R001,2015,-0.046294642616590886,-0.052891144876941465
仅做空,short_only,R001,2016,0.023063212242023567,-0.021297047964213056
仅做空,short_only,R001,2017,0.05000046712227868,-0.012992596328341155
仅做空,short_only,R001,2018,-0.004838072650959924,-0.010216460985467135
仅做空,short_only,R001,2019,0.002866771696638626,-0.017983805097224637
仅做空,short_only,R001,2020,0.03196030769598979,-0.014368458524941397
仅做空,short_only,R001,2021,0.0012838672295032438,-0.012072974851471518
仅做空,short_only,R001,2022,0.01589795631173696,-0.00569106980481715
仅做空,short_only,R001,2023,-0.005758993095419052,-0.007731361187301666
仅做空,short_only,R001,2024,-0.002448820553854092,-0.0063521324153404946
仅做空,short_only,R001,2025,0.015613459493931003,-0.006633565308047706
仅做空,short_only,R001,2026,-0.006154832951907774,-0.0064168344230953744
仅做空,short_only,DR007,2011,0.011443434186055201,-0.011814977012448158
仅做空,short_only,DR007,2012,0.02792486575821851,-0.006393610714163334
仅做空,short_only,DR007,2013,0.03724214491903255,-0.018072456382812074
仅做空,short_only,DR007,2014,-0.025207657041855902,-0.03113240579262433
仅做空,short_only,DR007,2015,0.002747879830423905,-0.0244639986923475
仅做空,short_only,DR007,2016,0.031275082932829656,-0.02095689797801037
仅做空,short_only,DR007,2017,0.05055479713547295,-0.013870978276891766
仅做空,short_only,DR007,2018,-0.003197884750973934,-0.009621824415777303
仅做空,short_only,DR007,2019,0.0005057700972042056,-0.022310147994084373
仅做空,short_only,DR007,2020,0.024829338235130338,-0.014602329032156747
仅做空,short_only,DR007,2021,-0.004418857834578072,-0.024748726082692518
仅做空,short_only,DR007,2022,0.0006414145426132389,-0.013634841082124427
仅做空,short_only,DR007,2023,-0.01043767344816926,-0.014215481246607653
仅做空,short_only,DR007,2024,0.0,0.0
仅做空,short_only,DR007,2025,0.00510387154754266,-0.018203402932800983
仅做空,short_only,DR007,2026,0.0,0.0
仅做空,short_only,R007,2011,0.011443434186055201,-0.011814977012448158
仅做空,short_only,R007,2012,0.02792486575821851,-0.006393610714163334
仅做空,short_only,R007,2013,0.03724214491903255,-0.018072456382812074
仅做空,short_only,R007,2014,-0.025207657041855902,-0.03113240579262433
仅做空,short_only,R007,2015,0.0008458798868238304,-0.0244639986923475
仅做空,short_only,R007,2016,0.023654387029646173,-0.021290503314968956
仅做空,short_only,R007,2017,0.06142025204066548,-0.010794578590369919
仅做空,short_only,R007,2018,-0.003179994858082069,-0.016064297620008605
仅做空,short_only,R007,2019,-0.0028661584007555474,-0.025060549976272495
仅做空,short_only,R007,2020,0.020364215794705043,-0.014516877281565033
仅做空,short_only,R007,2021,-0.009396696517308678,-0.012714451266239157
仅做空,short_only,R007,2022,0.007482823870157418,-0.011541979630248611
仅做空,short_only,R007,2023,-0.016803449218111388,-0.02019100785812833
仅做空,short_only,R007,2024,-0.018578638853565033,-0.019560314467833795
仅做空,short_only,R007,2025,0.021546309105695105,-0.004150591093664002
仅做空,short_only,R007,2026,-0.0008184613142386832,-0.0042577828773540105
仅做空,short_only,M0017139,2011,0.005197787490291095,-0.011814977012448158
仅做空,short_only,M0017139,2012,0.031803243663818925,-0.006256138439103998
仅做空,short_only,M0017139,2013,0.025754289932463648,-0.011018475168365405
仅做空,short_only,M0017139,2014,-0.02597445085618466,-0.03181856865832211
仅做空,short_only,M0017139,2015,0.0008409220803251571,-0.024320702295066665
仅做空,short_only,M0017139,2016,0.0170585946261137,-0.021121992137363654
仅做空,short_only,M0017139,2017,0.06152885234985339,-0.012888595458851126
仅做空,short_only,M0017139,2018,-0.018816352978076267,-0.027988679424749807
仅做空,short_only,M0017139,2019,-0.00690770840891175,-0.016134225204583963
仅做空,short_only,M0017139,2020,0.014648965354570276,-0.012832227065716628
仅做空,short_only,M0017139,2021,0.0037691077139574425,-0.003599785682168788
仅做空,short_only,M0017139,2022,0.008489814799675033,-0.004290973458641711
仅做空,short_only,M0017139,2023,-0.019078666590812365,-0.022458386073681558
仅做空,short_only,M0017139,2024,0.0,0.0
仅做空,short_only,M0017139,2025,0.0044419105634512235,-0.01820133546393421
仅做空,short_only,M0017139,2026,0.0,0.0
仅做空,short_only,基准 买入持有,2011,0.0351713394163522,-0.018598834805985343
仅做空,short_only,基准 买入持有,2012,-0.008697410263072025,-0.024764222147121706
仅做空,short_only,基准 买入持有,2013,-0.07111908060064054,-0.08560586276984083
仅做空,short_only,基准 买入持有,2014,0.0747530585764331,-0.02124092948603684
仅做空,short_only,基准 买入持有,2015,0.054078838626896886,-0.028448510237796265
仅做空,short_only,基准 买入持有,2016,-0.01521853902726944,-0.04669357331656887
仅做空,short_only,基准 买入持有,2017,-0.06369038766551993,-0.07083260233983224
仅做空,short_only,基准 买入持有,2018,0.05158729026434683,-0.016541678552039585
仅做空,short_only,基准 买入持有,2019,0.009902127401704375,-0.02472603506572013
仅做空,short_only,基准 买入持有,2020,-0.007518568041921081,-0.06013351770840292
仅做空,short_only,基准 买入持有,2021,0.02594087210131235,-0.01602151228776738
仅做空,short_only,基准 买入持有,2022,8.004074161727104e-05,-0.01739946048050023
仅做空,short_only,基准 买入持有,2023,0.020428984038866727,-0.01195990178623696
仅做空,short_only,基准 买入持有,2024,0.06684220506102179,-0.016459179596870488
仅做空,short_only,基准 买入持有,2025,-0.013284935364798356,-0.025212270533806147
仅做空,short_only,基准 买入持有,2026,0.01834201362591692,-0.003654718870279794
