指标,方案,direction,期末净值,总收益,年化收益,年化波动,夏普,索提诺,最大回撤,卡玛,日胜率,持仓占比,往返次数,成本拖累(年化),指标名称
打分综合,多空双向,long_short,1.694956569873129,0.694956569873129,0.035535294477021306,0.02294694717454759,1.5336728429768027,2.1847543082392744,-0.07042011018228622,0.5046185583214269,0.5497767270816917,0.9997373949579832,61.0,0.0016820837430517876,
打分综合,仅做多,long_only,1.4198574825905985,0.4198574825905985,0.02346977233430514,0.01789653957009825,1.3055992354363644,1.4305419525436671,-0.05072220644192482,0.4627119752997579,0.33596007354872603,0.5982142857142857,30.0,0.0008266336344284753,
打分综合,仅做空,short_only,1.193751197324818,0.19375119732481805,0.011788840734590078,0.01442056284642169,0.8201580759303794,0.7674622184137615,-0.05030945879978288,0.23432652657835698,0.21565537168374047,0.4015231092436975,31.0,0.0008256448538070948,
打分综合,基准 买入持有,,1.1776203301687986,0.17762033016879863,0.010891691804229442,0.02323664724675347,0.47793899590742867,0.6424065699560343,-0.09750771657091362,0.11170081904551968,0.5221959548200683,1.0,0.0,,
等权组合,多空双向,long_short,1.5058361559402489,0.5058361559402489,0.027459476490471202,0.01934542926732207,1.4103954745349934,1.9433573381698934,-0.047787642914914774,0.5746145826728138,0.5455739427370633,0.9997373949579832,289.0,0.0015893414180971899,
等权组合,仅做多,long_only,1.335902788339037,0.3359027883390371,0.01935002071478653,0.016497512324994367,1.170290175693316,1.4155694699012629,-0.044956071041557855,0.4304206365564992,0.4229051746782243,0.7817752100840336,143.0,0.0007816651711856082,
等权组合,仅做空,short_only,1.126388825387715,0.126388825387715,0.00790720897170405,0.01347314275395877,0.5914715354116832,0.690956168537696,-0.041773288747774195,0.18928863895412995,0.31494615182558444,0.6546743697478992,146.0,0.0007826449375580857,
等权组合,基准 买入持有,,1.1776203301687986,0.17762033016879863,0.010891691804229442,0.02323664724675347,0.47793899590742867,0.6424065699560343,-0.09750771657091362,0.11170081904551968,0.5221959548200683,1.0,0.0,,
DR001,多空双向,long_short,1.3804411802963874,0.3804411802963874,0.021564731336420895,0.023200500829852085,0.9314836156440925,1.3531712344909008,-0.06001303501721478,0.35933412349892047,0.5185185185185185,0.9997373949579832,62.0,0.0016890130866848985,银存间质押1日
DR001,仅做多,long_only,1.2793298658695489,0.2793298658695489,0.01643527067717554,0.01674872327054022,0.9819591243734702,1.0166976962211969,-0.040311895592419655,0.4077027496634534,0.27580772261623326,0.508140756302521,31.0,0.000834417145805455,银存间质押1日
DR001,仅做空,short_only,1.079034592347389,0.07903459234738897,0.0050465197413192,0.01607668093597199,0.3212320008419017,0.33268620903605445,-0.05936512177738418,0.08500815950893457,0.24454951405306016,0.49159663865546216,31.0,0.0008359484691815577,银存间质押1日
DR001,基准 买入持有,,1.1776203301687986,0.17762033016879863,0.010891691804229442,0.02323664724675347,0.47793899590742867,0.6424065699560343,-0.09750771657091362,0.11170081904551968,0.5221959548200683,1.0,0.0,,银存间质押1日
R001,多空双向,long_short,1.5789237022780163,0.5789237022780163,0.03068709987130025,0.023029926503186377,1.32437981126816,1.888069795764327,-0.05981251883072847,0.5130547997509656,0.5363803519831889,0.9997373949579832,60.0,0.0016476753790579668,银行间质押1日
R001,仅做多,long_only,1.3699127378552534,0.36991273785525336,0.02104728282789714,0.017077713255440056,1.2285500417347823,1.3092900708644326,-0.038020471644021114,0.5535776364101711,0.3083793012871027,0.5548844537815126,30.0,0.0008111537097004184,银行间质押1日
R001,仅做空,short_only,1.1525724658564673,0.15257246585646733,0.009441107386040537,0.015484903151623212,0.6147455832912432,0.5957505028682876,-0.07071855674258909,0.1335025461620427,0.23010244286840031,0.44485294117647056,30.0,0.0008111333727263137,银行间质押1日
R001,基准 买入持有,,1.1776203301687986,0.17762033016879863,0.010891691804229442,0.02323664724675347,0.47793899590742867,0.6424065699560343,-0.09750771657091362,0.11170081904551968,0.5221959548200683,1.0,0.0,,银行间质押1日
DR007,多空双向,long_short,1.584411977213853,0.584411977213853,0.030923801538241813,0.02307703813220693,1.3316771522643065,1.8896365774012256,-0.070420110182286,0.43913310357217555,0.5460992907801419,0.9997373949579832,59.0,0.0016207531195659985,银存间质押7日
DR007,仅做多,long_only,1.3699305856161297,0.3699305856161297,0.021048163141976772,0.01777131186848557,1.18132916802994,1.2882537428353849,-0.05072220644192493,0.41496939148489426,0.3346467034410297,0.5995273109243697,29.0,0.0007976285373136882,银存间质押7日
DR007,仅做空,short_only,1.1565636929708099,0.15656369297080985,0.009672059313907244,0.014754988737022186,0.6599172833954937,0.6151912002309614,-0.05325139466253059,0.18163015964561804,0.21302863146834777,0.40021008403361347,30.0,0.0007979774231769987,银存间质押7日
DR007,基准 买入持有,,1.1776203301687986,0.17762033016879863,0.010891691804229442,0.02323664724675347,0.47793899590742867,0.6424065699560343,-0.09750771657091362,0.11170081904551968,0.5221959548200683,1.0,0.0,,银存间质押7日
R007,多空双向,long_short,1.541691206999316,0.541691206999316,0.029060726941719572,0.023102866756019396,1.2518892661746688,1.8194945059898742,-0.070420110182286,0.4126765332586731,0.5340162857893355,0.9997373949579832,71.0,0.001945633701689653,银行间质押7日
R007,仅做多,long_only,1.3527983862527018,0.35279838625270177,0.02019817389206402,0.017984610098841055,1.1212070640710454,1.2478776225461659,-0.05072220644192493,0.39821165735741776,0.3267664827948516,0.5955882352941176,35.0,0.0009591354691045328,银行间质押7日
R007,仅做空,short_only,1.1396311694825827,0.1396311694825827,0.00868708970125387,0.014530844967728492,0.6026821513454336,0.5791764826139828,-0.05325139466253059,0.16313356215938485,0.209351195166798,0.40414915966386555,36.0,0.0009578995594137218,银行间质押7日
R007,基准 买入持有,,1.1776203301687986,0.17762033016879863,0.010891691804229442,0.02323664724675347,0.47793899590742867,0.6424065699560343,-0.09750771657091362,0.11170081904551968,0.5221959548200683,1.0,0.0,,银行间质押7日
M0017139,多空双向,long_short,1.443712712913671,0.4437127129136711,0.024598876198898223,0.02287370740021651,1.0741656839321378,1.4957095666331772,-0.07482341727904052,0.32875905823922913,0.5369057000262674,0.9997373949579832,37.0,0.0010147404813194427,SHIBOR:1周
M0017139,仅做多,long_only,1.3075423661015515,0.3075423661015515,0.017903556582341995,0.018642857487158316,0.9614447990670641,1.065994038538102,-0.06686572793233081,0.26775385740899554,0.3490937746256895,0.6373424369747899,18.0,0.0004985940906845343,SHIBOR:1周
M0017139,仅做空,short_only,1.1041422062813264,0.10414220628132642,0.006577557935877776,0.013302025752431166,0.499641656606926,0.42759515295405237,-0.05257830107960648,0.12510023718565927,0.1893879695298135,0.36239495798319327,19.0,0.0005035995444213626,SHIBOR:1周
M0017139,基准 买入持有,,1.1776203301687986,0.17762033016879863,0.010891691804229442,0.02323664724675347,0.47793899590742867,0.6424065699560343,-0.09750771657091362,0.11170081904551968,0.5221959548200683,1.0,0.0,,SHIBOR:1周
